name,artist,performance,chroma,mode,onsets,length,onsetrate
Bach_WTC1_De-Maria_Prelude_0_Major (P1).wav,De-Maria,P1,0,Major,152,29.7369160997732,5.11149170579793
Bach_WTC1_De-Maria_Prelude_0_Major (S1).wav,De-Maria,S1,0,Major,137,29.63,4.62369220384745
Bach_WTC1_De-Maria_Prelude_0_Minor (P1).wav,De-Maria,P1,0,Minor,133,18.0459863945578,7.37005986218128
Bach_WTC1_De-Maria_Prelude_0_Minor (S1).wav,De-Maria,S1,0,Minor,135,18.0439909297052,7.48171513308367
Bach_WTC1_De-Maria_Prelude_10_Major (P1).wav,De-Maria,P1,10,Major,160,25.6471201814059,6.238517185099
Bach_WTC1_De-Maria_Prelude_10_Major (S1).wav,De-Maria,S1,10,Major,191,25.6439909297052,7.44813865063224
Bach_WTC1_De-Maria_Prelude_10_Minor (P1).wav,De-Maria,P1,10,Minor,106,51.0060770975057,2.07818373872128
Bach_WTC1_De-Maria_Prelude_10_Minor (S1).wav,De-Maria,S1,10,Minor,108,51.0039909297052,2.11748135844601
Bach_WTC1_De-Maria_Prelude_11_Major (P1).wav,De-Maria,P1,11,Major,131,25.7500907029478,5.08736072083052
Bach_WTC1_De-Maria_Prelude_11_Major (S1).wav,De-Maria,S1,11,Major,161,25.7419954648526,6.25437139167493
Bach_WTC1_De-Maria_Prelude_11_Minor (P1).wav,De-Maria,P1,11,Minor,76,24.5610430839002,3.09433112186583
Bach_WTC1_De-Maria_Prelude_11_Minor (S1).wav,De-Maria,S1,11,Minor,92,24.56,3.74592833876222
Bach_WTC1_De-Maria_Prelude_1_Major (P1).wav,De-Maria,P1,1,Major,36,8.13301587301587,4.42640227955814
Bach_WTC1_De-Maria_Prelude_1_Major (S1).wav,De-Maria,S1,1,Major,56,8.13,6.88806888068881
Bach_WTC1_De-Maria_Prelude_1_Minor (P1).wav,De-Maria,P1,1,Minor,90,30.545306122449,2.94644288844941
Bach_WTC1_De-Maria_Prelude_1_Minor (S1).wav,De-Maria,S1,1,Minor,91,30.54,2.97969875573019
Bach_WTC1_De-Maria_Prelude_2_Major (P1).wav,De-Maria,P1,2,Major,112,16.7840362811791,6.6730075009187
Bach_WTC1_De-Maria_Prelude_2_Major (S1).wav,De-Maria,S1,2,Major,124,16.7790022675737,7.39018911986421
Bach_WTC1_De-Maria_Prelude_2_Minor (P1).wav,De-Maria,P1,2,Minor,119,26.2461224489796,4.53400307917205
Bach_WTC1_De-Maria_Prelude_2_Minor (S1).wav,De-Maria,S1,2,Minor,175,26.2439909297052,6.66819312919057
Bach_WTC1_De-Maria_Prelude_3_Major (P1).wav,De-Maria,P1,3,Major,148,28.367074829932,5.21731623324924
Bach_WTC1_De-Maria_Prelude_3_Major (S1).wav,De-Maria,S1,3,Major,182,28.3650113378685,6.41635562320479
Bach_WTC1_De-Maria_Prelude_3_Minor (P1).wav,De-Maria,P1,3,Minor,76,39.4883900226757,1.92461632283205
Bach_WTC1_De-Maria_Prelude_3_Minor (S1).wav,De-Maria,S1,3,Minor,96,39.4880045351474,2.43111803521377
Bach_WTC1_De-Maria_Prelude_4_Major (P1).wav,De-Maria,P1,4,Major,95,28.7690702947846,3.30215745683037
Bach_WTC1_De-Maria_Prelude_4_Major (S1).wav,De-Maria,S1,4,Major,131,28.7660090702948,4.55398591024144
Bach_WTC1_De-Maria_Prelude_4_Minor (P1).wav,De-Maria,P1,4,Minor,126,39.6740589569161,3.17587873065444
Bach_WTC1_De-Maria_Prelude_4_Minor (S1).wav,De-Maria,S1,4,Minor,176,39.6690022675737,4.43671355313784
Bach_WTC1_De-Maria_Prelude_5_Major (P1).wav,De-Maria,P1,5,Major,159,26.6020861678005,5.97697485065874
Bach_WTC1_De-Maria_Prelude_5_Major (S1).wav,De-Maria,S1,5,Major,198,26.6,7.44360902255639
Bach_WTC1_De-Maria_Prelude_5_Minor (P1).wav,De-Maria,P1,5,Minor,168,45.4799319727891,3.69393692366372
Bach_WTC1_De-Maria_Prelude_5_Minor (S1).wav,De-Maria,S1,5,Minor,170,45.47,3.73872883219705
Bach_WTC1_De-Maria_Prelude_6_Major (P1).wav,De-Maria,P1,6,Major,90,27.2014512471655,3.30864699762584
Bach_WTC1_De-Maria_Prelude_6_Major (S1).wav,De-Maria,S1,6,Major,117,27.2,4.30147058823529
Bach_WTC1_De-Maria_Prelude_6_Minor (P1).wav,De-Maria,P1,6,Minor,103,18.6450793650794,5.5242457263502
Bach_WTC1_De-Maria_Prelude_6_Minor (S1).wav,De-Maria,S1,6,Minor,128,18.6439909297052,6.86548285088786
Bach_WTC1_De-Maria_Prelude_7_Major (P1).wav,De-Maria,P1,7,Major,142,22.1430839002268,6.41283755414691
Bach_WTC1_De-Maria_Prelude_7_Major (S1).wav,De-Maria,S1,7,Major,169,22.1380045351474,7.63393104069914
Bach_WTC1_De-Maria_Prelude_7_Minor (P1).wav,De-Maria,P1,7,Minor,241,54.8960997732426,4.39011151967972
Bach_WTC1_De-Maria_Prelude_7_Minor (S1).wav,De-Maria,S1,7,Minor,199,54.9009977324263,3.62470643921402
Bach_WTC1_De-Maria_Prelude_8_Major (P1).wav,De-Maria,P1,8,Major,63,15.3621088435374,4.10099945532563
Bach_WTC1_De-Maria_Prelude_8_Major (S1).wav,De-Maria,S1,8,Major,70,15.3609977324263,4.55699566000413
Bach_WTC1_De-Maria_Prelude_8_Minor (P1).wav,De-Maria,P1,8,Minor,95,24.3401133786848,3.90302208218938
Bach_WTC1_De-Maria_Prelude_8_Minor (S1).wav,De-Maria,S1,8,Minor,116,24.3350113378685,4.76679457385289
Bach_WTC1_De-Maria_Prelude_9_Major (P1).wav,De-Maria,P1,9,Major,105,23.8370975056689,4.40489870778223
Bach_WTC1_De-Maria_Prelude_9_Major (S1).wav,De-Maria,S1,9,Major,134,23.8280045351474,5.62363498808068
Bach_WTC1_De-Maria_Prelude_9_Minor (P1).wav,De-Maria,P1,9,Minor,93,16.6810657596372,5.57518334500126
Bach_WTC1_De-Maria_Prelude_9_Minor (S1).wav,De-Maria,S1,9,Minor,122,16.68,7.31414868105516
Bach_WTC1_Demus_Prelude_0_Major (P1).wav,Demus,P1,0,Major,131,30.3569841269841,4.31531668139441
Bach_WTC1_Demus_Prelude_0_Minor (P1).wav,Demus,P1,0,Minor,102,17.7369841269841,5.75069579302507
Bach_WTC1_Demus_Prelude_10_Major (P1).wav,Demus,P1,10,Major,181,27.2989795918367,6.63028445407992
Bach_WTC1_Demus_Prelude_10_Minor (P1).wav,Demus,P1,10,Minor,112,58.4119954648526,1.91741437882211
Bach_WTC1_Demus_Prelude_11_Major (P1).wav,Demus,P1,11,Major,110,31.0719954648526,3.54016529528744
Bach_WTC1_Demus_Prelude_11_Minor (P1).wav,Demus,P1,11,Minor,42,28.7049886621315,1.46316030618774
Bach_WTC1_Demus_Prelude_1_Major (P1).wav,Demus,P1,1,Major,43,7.54399092970522,5.69990080856052
Bach_WTC1_Demus_Prelude_1_Minor (P1).wav,Demus,P1,1,Minor,78,33.2569841269841,2.34537201876679
Bach_WTC1_Demus_Prelude_2_Major (P1).wav,Demus,P1,2,Major,117,16.6279818594104,7.03633194871361
Bach_WTC1_Demus_Prelude_2_Minor (P1).wav,Demus,P1,2,Minor,176,28.5679818594104,6.16074320076708
Bach_WTC1_Demus_Prelude_3_Major (P1).wav,Demus,P1,3,Major,125,29.9669841269841,4.17125725666342
Bach_WTC1_Demus_Prelude_3_Minor (P1).wav,Demus,P1,3,Minor,68,42.0269841269841,1.61800808248669
Bach_WTC1_Demus_Prelude_4_Major (P1).wav,Demus,P1,4,Major,91,28.5069841269841,3.19220018486141
Bach_WTC1_Demus_Prelude_4_Minor (P1).wav,Demus,P1,4,Minor,85,48.7369841269841,1.74405539289285
Bach_WTC1_Demus_Prelude_5_Major (P1).wav,Demus,P1,5,Major,178,29.0879818594104,6.11936575250628
Bach_WTC1_Demus_Prelude_5_Minor (P1).wav,Demus,P1,5,Minor,107,37.6749886621315,2.84008048309115
Bach_WTC1_Demus_Prelude_6_Major (P1).wav,Demus,P1,6,Major,100,29.0659863945578,3.44044749221804
Bach_WTC1_Demus_Prelude_6_Minor (P1).wav,Demus,P1,6,Minor,122,21.4759863945578,5.68076351691654
Bach_WTC1_Demus_Prelude_7_Major (P1).wav,Demus,P1,7,Major,125,22.4849886621315,5.55926453325373
Bach_WTC1_Demus_Prelude_7_Minor (P1).wav,Demus,P1,7,Minor,205,52.7049886621315,3.88957488093138
Bach_WTC1_Demus_Prelude_8_Major (P1).wav,Demus,P1,8,Major,64,20.6879818594104,3.09358353245501
Bach_WTC1_Demus_Prelude_8_Minor (P1).wav,Demus,P1,8,Minor,93,28.1029931972789,3.30925604070547
Bach_WTC1_Demus_Prelude_9_Major (P1).wav,Demus,P1,9,Major,101,22.0149886621315,4.58778342110766
Bach_WTC1_Demus_Prelude_9_Minor (P1).wav,Demus,P1,9,Minor,90,20.7,4.34782608695652
Bach_WTC1_Fischer_Prelude_0_Major (P1).wav,Fischer,P1,0,Major,123,23.1729931972789,5.30790299521787
Bach_WTC1_Fischer_Prelude_0_Minor (P1).wav,Fischer,P1,0,Minor,111,17.3480045351474,6.3984304232289
Bach_WTC1_Fischer_Prelude_10_Major (P1).wav,Fischer,P1,10,Major,132,24.1239909297052,5.47173145540612
Bach_WTC1_Fischer_Prelude_10_Minor (P1).wav,Fischer,P1,10,Minor,127,63.2459863945578,2.00803256048084
Bach_WTC1_Fischer_Prelude_11_Major (P1).wav,Fischer,P1,11,Major,141,32.7179818594104,4.30955676318542
Bach_WTC1_Fischer_Prelude_11_Minor (P1).wav,Fischer,P1,11,Minor,90,30.0590476190476,2.99410683733604
Bach_WTC1_Fischer_Prelude_1_Major (P1).wav,Fischer,P1,1,Major,50,9.12501133786848,5.47944524655019
Bach_WTC1_Fischer_Prelude_1_Minor (P1).wav,Fischer,P1,1,Minor,124,39.7660090702948,3.11824100278215
Bach_WTC1_Fischer_Prelude_2_Major (P1).wav,Fischer,P1,2,Major,111,17.4009977324263,6.37894457012395
Bach_WTC1_Fischer_Prelude_2_Minor (P1).wav,Fischer,P1,2,Minor,169,28.8639909297052,5.85504618580221
Bach_WTC1_Fischer_Prelude_3_Major (P1).wav,Fischer,P1,3,Major,164,26.8890022675737,6.09914783628
Bach_WTC1_Fischer_Prelude_3_Minor (P1).wav,Fischer,P1,3,Minor,55,41.1950113378685,1.33511311719051
Bach_WTC1_Fischer_Prelude_4_Major (P1).wav,Fischer,P1,4,Major,87,23.1070068027211,3.76509172056655
Bach_WTC1_Fischer_Prelude_4_Minor (P1).wav,Fischer,P1,4,Minor,150,35.1950113378685,4.26196765672315
Bach_WTC1_Fischer_Prelude_5_Major (P1).wav,Fischer,P1,5,Major,125,23.2029931972789,5.38723598878869
Bach_WTC1_Fischer_Prelude_5_Minor (P1).wav,Fischer,P1,5,Minor,154,37.1129931972789,4.14949015783753
Bach_WTC1_Fischer_Prelude_6_Major (P1).wav,Fischer,P1,6,Major,77,18.0050113378685,4.2765871431612
Bach_WTC1_Fischer_Prelude_6_Minor (P1).wav,Fischer,P1,6,Minor,106,19.7160090702948,5.37634161264946
Bach_WTC1_Fischer_Prelude_7_Major (P1).wav,Fischer,P1,7,Major,103,22.7029931972789,4.53684671025427
Bach_WTC1_Fischer_Prelude_7_Minor (P1).wav,Fischer,P1,7,Minor,173,53.2619954648526,3.24809460272967
Bach_WTC1_Fischer_Prelude_8_Major (P1).wav,Fischer,P1,8,Major,75,19.7560090702948,3.79631330058308
Bach_WTC1_Fischer_Prelude_8_Minor (P1).wav,Fischer,P1,8,Minor,113,29.0370068027211,3.8915856846998
Bach_WTC1_Fischer_Prelude_9_Major (P1).wav,Fischer,P1,9,Major,141,25.0050113378685,5.63886966875574
Bach_WTC1_Fischer_Prelude_9_Minor (P1).wav,Fischer,P1,9,Minor,94,19.96,4.70941883767535
Bach_WTC1_Galling_Prelude_0_Major (H1).wav,Galling,H1,0,Major,144,32.1089795918367,4.48472675963237
Bach_WTC1_Galling_Prelude_0_Minor (H1).wav,Galling,H1,0,Minor,166,30.6069841269841,5.42359872215077
Bach_WTC1_Galling_Prelude_10_Major (H1).wav,Galling,H1,10,Major,227,29.2369841269841,7.76413870233939
Bach_WTC1_Galling_Prelude_10_Minor (H1).wav,Galling,H1,10,Minor,147,50.9549886621315,2.88489908171144
Bach_WTC1_Galling_Prelude_11_Major (H1).wav,Galling,H1,11,Major,161,36.4609977324263,4.41567729938492
Bach_WTC1_Galling_Prelude_11_Minor (H1).wav,Galling,H1,11,Minor,94,29.7729931972789,3.15722370865255
Bach_WTC1_Galling_Prelude_1_Major (H1).wav,Galling,H1,1,Major,61,8.9009977324263,6.85316431188126
Bach_WTC1_Galling_Prelude_1_Minor (H1).wav,Galling,H1,1,Minor,109,33.7269841269841,3.23183358433735
Bach_WTC1_Galling_Prelude_2_Major (H1).wav,Galling,H1,2,Major,136,18.5,7.35135135135135
Bach_WTC1_Galling_Prelude_2_Minor (H1).wav,Galling,H1,2,Minor,196,30.7149886621315,6.38124930326438
Bach_WTC1_Galling_Prelude_3_Major (H1).wav,Galling,H1,3,Major,175,27.9,6.27240143369176
Bach_WTC1_Galling_Prelude_3_Minor (H1).wav,Galling,H1,3,Minor,99,44.7859863945578,2.21051288516512
Bach_WTC1_Galling_Prelude_4_Major (H1).wav,Galling,H1,4,Major,125,28.9469841269841,4.31823914545475
Bach_WTC1_Galling_Prelude_4_Minor (H1).wav,Galling,H1,4,Minor,176,40.3239909297052,4.36464734621164
Bach_WTC1_Galling_Prelude_5_Major (H1).wav,Galling,H1,5,Major,238,37.8609977324263,6.28615235345907
Bach_WTC1_Galling_Prelude_5_Minor (H1).wav,Galling,H1,5,Minor,207,44.2729931972789,4.67553659807041
Bach_WTC1_Galling_Prelude_6_Major (H1).wav,Galling,H1,6,Major,119,23.1239909297052,5.14617050152584
Bach_WTC1_Galling_Prelude_6_Minor (H1).wav,Galling,H1,6,Minor,132,25.2049886621315,5.23705849542077
Bach_WTC1_Galling_Prelude_7_Major (H1).wav,Galling,H1,7,Major,183,25.9309977324263,7.05719085275155
Bach_WTC1_Galling_Prelude_7_Minor (H1).wav,Galling,H1,7,Minor,250,45.1439909297052,5.53783559786021
Bach_WTC1_Galling_Prelude_8_Major (H1).wav,Galling,H1,8,Major,69,19.7049886621315,3.50165134236297
Bach_WTC1_Galling_Prelude_8_Minor (H1).wav,Galling,H1,8,Minor,121,31.9489795918367,3.78728840625998
Bach_WTC1_Galling_Prelude_9_Major (H1).wav,Galling,H1,9,Major,132,26.0789795918367,5.0615477317724
Bach_WTC1_Galling_Prelude_9_Minor (H1).wav,Galling,H1,9,Minor,130,24.6929931972789,5.26465135115032
Bach_WTC1_Gould_Prelude_0_Major (P1).wav,Gould,P1,0,Major,146,33.0209297052154,4.4214382000559
Bach_WTC1_Gould_Prelude_0_Minor (P1).wav,Gould,P1,0,Minor,138,26.0050113378685,5.30666948024147
Bach_WTC1_Gould_Prelude_10_Major (P1).wav,Gould,P1,10,Major,177,23.6039909297052,7.49873191051131
Bach_WTC1_Gould_Prelude_10_Minor (P1).wav,Gould,P1,10,Minor,92,82.3629931972789,1.11700651504539
Bach_WTC1_Gould_Prelude_11_Major (P1).wav,Gould,P1,11,Major,118,24.8219954648526,4.75384826200155
Bach_WTC1_Gould_Prelude_11_Minor (P1).wav,Gould,P1,11,Minor,82,24.7790022675737,3.30925350078792
Bach_WTC1_Gould_Prelude_1_Major (P1).wav,Gould,P1,1,Major,41,6.00501133786848,6.82763073925406
Bach_WTC1_Gould_Prelude_1_Minor (P1).wav,Gould,P1,1,Minor,94,31.0050113378685,3.03176796085191
Bach_WTC1_Gould_Prelude_2_Major (P1).wav,Gould,P1,2,Major,97,13.0050113378685,7.45866323988136
Bach_WTC1_Gould_Prelude_2_Minor (P1).wav,Gould,P1,2,Minor,155,23.0050113378685,6.7376624042282
Bach_WTC1_Gould_Prelude_3_Major (P1).wav,Gould,P1,3,Major,147,56.0050113378685,2.62476511455688
Bach_WTC1_Gould_Prelude_3_Minor (P1).wav,Gould,P1,3,Minor,65,35.6160090702948,1.8250219970382
Bach_WTC1_Gould_Prelude_4_Major (P1).wav,Gould,P1,4,Major,125,32.2060090702948,3.88126326758362
Bach_WTC1_Gould_Prelude_4_Minor (P1).wav,Gould,P1,4,Minor,146,43.1390022675737,3.3844083619371
Bach_WTC1_Gould_Prelude_5_Major (P1).wav,Gould,P1,5,Major,169,25.2660090702948,6.68882843862718
Bach_WTC1_Gould_Prelude_5_Minor (P1).wav,Gould,P1,5,Minor,204,104.393990929705,1.95413546491738
Bach_WTC1_Gould_Prelude_6_Major (P1).wav,Gould,P1,6,Major,117,36.31,3.2222528229138
Bach_WTC1_Gould_Prelude_6_Minor (P1).wav,Gould,P1,6,Minor,130,21.1880045351474,6.13554711036386
Bach_WTC1_Gould_Prelude_7_Major (P1).wav,Gould,P1,7,Major,129,17.5419954648526,7.3537814018061
Bach_WTC1_Gould_Prelude_7_Minor (P1).wav,Gould,P1,7,Minor,206,51.3260090702948,4.01355966948195
Bach_WTC1_Gould_Prelude_8_Major (P1).wav,Gould,P1,8,Major,56,16.1070068027211,3.47674777107187
Bach_WTC1_Gould_Prelude_8_Minor (P1).wav,Gould,P1,8,Minor,110,24.5080045351474,4.48832951055835
Bach_WTC1_Gould_Prelude_9_Major (P1).wav,Gould,P1,9,Major,118,21.1550113378685,5.57787458089301
Bach_WTC1_Gould_Prelude_9_Minor (P1).wav,Gould,P1,9,Minor,115,22.6190022675737,5.08422072024205
Bach_WTC1_Gulda_Prelude_0_Major (P1).wav,Gulda,P1,0,Major,135,30.3594557823129,4.44672002581316
Bach_WTC1_Gulda_Prelude_0_Minor (P1).wav,Gulda,P1,0,Minor,137,33.3983446712018,4.1019997053366
Bach_WTC1_Gulda_Prelude_10_Major (P1).wav,Gulda,P1,10,Major,173,24.3924036281179,7.09237197930659
Bach_WTC1_Gulda_Prelude_10_Minor (P1).wav,Gulda,P1,10,Minor,100,64.9986167800454,1.53849427809209
Bach_WTC1_Gulda_Prelude_11_Major (P1).wav,Gulda,P1,11,Major,138,27.3113378684807,5.05284657472829
Bach_WTC1_Gulda_Prelude_11_Minor (P1).wav,Gulda,P1,11,Minor,70,44.321156462585,1.57938117113646
Bach_WTC1_Gulda_Prelude_1_Major (P1).wav,Gulda,P1,1,Major,39,7.89575963718821,4.93936008592689
Bach_WTC1_Gulda_Prelude_1_Minor (P1).wav,Gulda,P1,1,Minor,82,25.0550566893424,3.2727924353442
Bach_WTC1_Gulda_Prelude_2_Major (P1).wav,Gulda,P1,2,Major,106,17.08,6.20608899297424
Bach_WTC1_Gulda_Prelude_2_Minor (P1).wav,Gulda,P1,2,Minor,150,25.8863945578231,5.79454970698762
Bach_WTC1_Gulda_Prelude_3_Major (P1).wav,Gulda,P1,3,Major,150,25.3254421768707,5.92289757282075
Bach_WTC1_Gulda_Prelude_3_Minor (P1).wav,Gulda,P1,3,Minor,106,52.0221768707483,2.03759254948831
Bach_WTC1_Gulda_Prelude_4_Major (P1).wav,Gulda,P1,4,Major,106,29.7126757369615,3.56750098639349
Bach_WTC1_Gulda_Prelude_4_Minor (P1).wav,Gulda,P1,4,Minor,133,37.7411337868481,3.52400647927401
Bach_WTC1_Gulda_Prelude_5_Major (P1).wav,Gulda,P1,5,Major,167,26.8234013605442,6.22590691446194
Bach_WTC1_Gulda_Prelude_5_Minor (P1).wav,Gulda,P1,5,Minor,142,36.9073469387755,3.84747243511054
Bach_WTC1_Gulda_Prelude_6_Major (P1).wav,Gulda,P1,6,Major,104,28.9312244897959,3.59473205279234
Bach_WTC1_Gulda_Prelude_6_Minor (P1).wav,Gulda,P1,6,Minor,116,19.0377551020408,6.09315538403816
Bach_WTC1_Gulda_Prelude_7_Major (P1).wav,Gulda,P1,7,Major,166,23.9384126984127,6.93446144869109
Bach_WTC1_Gulda_Prelude_7_Minor (P1).wav,Gulda,P1,7,Minor,174,39.8830612244898,4.36275437887293
Bach_WTC1_Gulda_Prelude_8_Major (P1).wav,Gulda,P1,8,Major,62,20.2672335600907,3.05912495734433
Bach_WTC1_Gulda_Prelude_8_Minor (P1).wav,Gulda,P1,8,Minor,88,29.3767800453515,2.99556315784599
Bach_WTC1_Gulda_Prelude_9_Major (P1).wav,Gulda,P1,9,Major,113,19.0995691609977,5.91636382200451
Bach_WTC1_Gulda_Prelude_9_Minor (P1).wav,Gulda,P1,9,Minor,99,22.8558276643991,4.33149923309079
Bach_WTC1_Landowska_Prelude_0_Major (H1).wav,Landowska,H1,0,Major,145,30.5869841269841,4.74057852183209
Bach_WTC1_Landowska_Prelude_0_Minor (H1).wav,Landowska,H1,0,Minor,133,19.1889795918367,6.9310616212537
Bach_WTC1_Landowska_Prelude_10_Major (H1).wav,Landowska,H1,10,Major,201,29.3919954648526,6.83859659138689
Bach_WTC1_Landowska_Prelude_10_Minor (H1).wav,Landowska,H1,10,Minor,240,65.8849886621315,3.64271141080038
Bach_WTC1_Landowska_Prelude_11_Major (H1).wav,Landowska,H1,11,Major,189,47.6269841269841,3.96833861023163
Bach_WTC1_Landowska_Prelude_11_Minor (H1).wav,Landowska,H1,11,Minor,111,30.7789795918367,3.60635737350564
Bach_WTC1_Landowska_Prelude_1_Major (H1).wav,Landowska,H1,1,Major,64,8.34798185941043,7.66652360748181
Bach_WTC1_Landowska_Prelude_1_Minor (H1).wav,Landowska,H1,1,Minor,189,37.4269841269841,5.0498324780525
Bach_WTC1_Landowska_Prelude_2_Major (H1).wav,Landowska,H1,2,Major,130,16.9819954648526,7.65516633596206
Bach_WTC1_Landowska_Prelude_2_Minor (H1).wav,Landowska,H1,2,Minor,195,28.0109977324263,6.96155138287925
Bach_WTC1_Landowska_Prelude_3_Major (H1).wav,Landowska,H1,3,Major,187,44.9239909297052,4.16258654073295
Bach_WTC1_Landowska_Prelude_3_Minor (H1).wav,Landowska,H1,3,Minor,112,35.09,3.19179253348532
Bach_WTC1_Landowska_Prelude_4_Major (H1).wav,Landowska,H1,4,Major,150,32.1569841269841,4.66461653890389
Bach_WTC1_Landowska_Prelude_4_Minor (H1).wav,Landowska,H1,4,Minor,213,46.7059863945578,4.56044324170014
Bach_WTC1_Landowska_Prelude_5_Major (H1).wav,Landowska,H1,5,Major,175,33.4849886621315,5.22622246540908
Bach_WTC1_Landowska_Prelude_5_Minor (H1).wav,Landowska,H1,5,Minor,225,51.82,4.34195291393284
Bach_WTC1_Landowska_Prelude_6_Major (H1).wav,Landowska,H1,6,Major,107,26.1339909297052,4.09428473009755
Bach_WTC1_Landowska_Prelude_6_Minor (H1).wav,Landowska,H1,6,Minor,139,26.4869841269841,5.24786058441403
Bach_WTC1_Landowska_Prelude_7_Major (H1).wav,Landowska,H1,7,Major,175,27.4669841269841,6.3712855838467
Bach_WTC1_Landowska_Prelude_7_Minor (H1).wav,Landowska,H1,7,Minor,237,48.7929931972789,4.85725479151824
Bach_WTC1_Landowska_Prelude_8_Major (H1).wav,Landowska,H1,8,Major,77,18.8549886621315,4.08379985688601
Bach_WTC1_Landowska_Prelude_8_Minor (H1).wav,Landowska,H1,8,Minor,111,28.6579818594104,3.87326646183743
Bach_WTC1_Landowska_Prelude_9_Major (H1).wav,Landowska,H1,9,Major,137,32.3469841269841,4.23532529221831
Bach_WTC1_Landowska_Prelude_9_Minor (H1).wav,Landowska,H1,9,Minor,114,25.9589795918367,4.39154395867892
Bach_WTC1_Leonhardt_Prelude_0_Major (H1).wav,Leonhardt,H1,0,Major,133,25.6329931972789,5.1886254163294
Bach_WTC1_Leonhardt_Prelude_0_Minor (H1).wav,Leonhardt,H1,0,Minor,150,21.7049886621315,6.91085364452199
Bach_WTC1_Leonhardt_Prelude_10_Major (H1).wav,Leonhardt,H1,10,Major,217,28.65,7.57417102966841
Bach_WTC1_Leonhardt_Prelude_10_Minor (H1).wav,Leonhardt,H1,10,Minor,99,46.9,2.11087420042644
Bach_WTC1_Leonhardt_Prelude_11_Major (H1).wav,Leonhardt,H1,11,Major,190,35.6469841269841,5.33004417212881
Bach_WTC1_Leonhardt_Prelude_11_Minor (H1).wav,Leonhardt,H1,11,Minor,98,21.2769841269841,4.60591592375695
Bach_WTC1_Leonhardt_Prelude_1_Major (H1).wav,Leonhardt,H1,1,Major,63,9.49798185941043,6.63298803182917
Bach_WTC1_Leonhardt_Prelude_1_Minor (H1).wav,Leonhardt,H1,1,Minor,111,36.9749886621315,3.00202931809638
Bach_WTC1_Leonhardt_Prelude_2_Major (H1).wav,Leonhardt,H1,2,Major,133,21.6149886621315,6.15313762495791
Bach_WTC1_Leonhardt_Prelude_2_Minor (H1).wav,Leonhardt,H1,2,Minor,209,33.1,6.31419939577039
Bach_WTC1_Leonhardt_Prelude_3_Major (H1).wav,Leonhardt,H1,3,Major,176,31.7359863945578,5.54575483528002
Bach_WTC1_Leonhardt_Prelude_3_Minor (H1).wav,Leonhardt,H1,3,Minor,92,30.46,3.02035456336179
Bach_WTC1_Leonhardt_Prelude_4_Major (H1).wav,Leonhardt,H1,4,Major,131,32.7559863945578,3.99926897093121
Bach_WTC1_Leonhardt_Prelude_4_Minor (H1).wav,Leonhardt,H1,4,Minor,159,30.4789795918367,5.21671007787234
Bach_WTC1_Leonhardt_Prelude_5_Major (H1).wav,Leonhardt,H1,5,Major,267,41.5349886621315,6.42831522531341
Bach_WTC1_Leonhardt_Prelude_5_Minor (H1).wav,Leonhardt,H1,5,Minor,245,43.7369841269841,5.60166652754743
Bach_WTC1_Leonhardt_Prelude_6_Major (H1).wav,Leonhardt,H1,6,Major,130,26.5509977324263,4.89623784801251
Bach_WTC1_Leonhardt_Prelude_6_Minor (H1).wav,Leonhardt,H1,6,Minor,158,30.6459863945578,5.1556506606052
Bach_WTC1_Leonhardt_Prelude_7_Major (H1).wav,Leonhardt,H1,7,Major,201,28.9749886621315,6.93701738226025
Bach_WTC1_Leonhardt_Prelude_7_Minor (H1).wav,Leonhardt,H1,7,Minor,226,40.3289795918367,5.60391069368257
Bach_WTC1_Leonhardt_Prelude_8_Major (H1).wav,Leonhardt,H1,8,Major,75,19.83,3.7821482602118
Bach_WTC1_Leonhardt_Prelude_8_Minor (H1).wav,Leonhardt,H1,8,Minor,118,29.6589795918367,3.97855899373146
Bach_WTC1_Leonhardt_Prelude_9_Major (H1).wav,Leonhardt,H1,9,Major,147,32.7449886621315,4.4892365520957
Bach_WTC1_Leonhardt_Prelude_9_Minor (H1).wav,Leonhardt,H1,9,Minor,113,20.0629931972789,5.63226029580302
Bach_WTC1_Martins_Prelude_0_Major (P1).wav,Martins,P1,0,Major,136,28.1350113378685,4.83383491006275
Bach_WTC1_Martins_Prelude_0_Minor (P1).wav,Martins,P1,0,Minor,131,16.5119954648526,7.93362621003902
Bach_WTC1_Martins_Prelude_10_Major (P1).wav,Martins,P1,10,Major,190,24.1580045351474,7.86488800114139
Bach_WTC1_Martins_Prelude_10_Minor (P1).wav,Martins,P1,10,Minor,102,58.5029931972789,1.74350053605025
Bach_WTC1_Martins_Prelude_11_Major (P1).wav,Martins,P1,11,Major,135,22.6329931972789,5.96474354157587
Bach_WTC1_Martins_Prelude_11_Minor (P1).wav,Martins,P1,11,Minor,99,29.8239909297052,3.31947525847033
Bach_WTC1_Martins_Prelude_1_Major (P1).wav,Martins,P1,1,Major,50,6.8809977324263,7.26638809432793
Bach_WTC1_Martins_Prelude_1_Minor (P1).wav,Martins,P1,1,Minor,99,31.9609977324263,3.09752532848994
Bach_WTC1_Martins_Prelude_2_Major (P1).wav,Martins,P1,2,Major,127,15.1850113378685,8.36351038364302
Bach_WTC1_Martins_Prelude_2_Minor (P1).wav,Martins,P1,2,Minor,174,27.7239909297052,6.27615268094629
Bach_WTC1_Martins_Prelude_3_Major (P1).wav,Martins,P1,3,Major,163,34.7563945578231,4.6897844863863
Bach_WTC1_Martins_Prelude_3_Minor (P1).wav,Martins,P1,3,Minor,71,57.3390022675737,1.2382496589089
Bach_WTC1_Martins_Prelude_4_Major (P1).wav,Martins,P1,4,Major,144,32.7009977324263,4.40353536544268
Bach_WTC1_Martins_Prelude_4_Minor (P1).wav,Martins,P1,4,Minor,115,50.89,2.25977598742386
Bach_WTC1_Martins_Prelude_5_Major (P1).wav,Martins,P1,5,Major,196,28.0270068027211,6.99325480525344
Bach_WTC1_Martins_Prelude_5_Minor (P1).wav,Martins,P1,5,Minor,174,61.96,2.80826339573919
Bach_WTC1_Martins_Prelude_6_Major (P1).wav,Martins,P1,6,Major,105,29.7239909297052,3.53250006865889
Bach_WTC1_Martins_Prelude_6_Minor (P1).wav,Martins,P1,6,Minor,119,18.3780045351474,6.47513171369699
Bach_WTC1_Martins_Prelude_7_Major (P1).wav,Martins,P1,7,Major,165,19.7060090702948,8.37308048582623
Bach_WTC1_Martins_Prelude_7_Minor (P1).wav,Martins,P1,7,Minor,184,49.1950113378685,3.74021663977875
Bach_WTC1_Martins_Prelude_8_Major (P1).wav,Martins,P1,8,Major,60,15.7339909297052,3.81339993572274
Bach_WTC1_Martins_Prelude_8_Minor (P1).wav,Martins,P1,8,Minor,110,31.81,3.45803206538824
Bach_WTC1_Martins_Prelude_9_Major (P1).wav,Martins,P1,9,Major,108,27.2809977324263,3.95879949330558
Bach_WTC1_Martins_Prelude_9_Minor (P1).wav,Martins,P1,9,Minor,102,15.7209977324263,6.48813782280584
Bach_WTC1_Newman_Prelude_0_Major (H1).wav,Newman,H1,0,Major,142,25.2529931972789,5.6230958005921
Bach_WTC1_Newman_Prelude_0_Major (H3).wav,Newman,H3,0,Major,159,26.8719954648526,5.91694056394007
Bach_WTC1_Newman_Prelude_0_Major (P2).wav,Newman,P2,0,Major,82,23.7229931972789,3.45656213438554
Bach_WTC1_Newman_Prelude_0_Minor (H1).wav,Newman,H1,0,Minor,142,26.3859863945578,5.38164455467497
Bach_WTC1_Newman_Prelude_0_Minor (H3).wav,Newman,H3,0,Minor,173,24.6549886621315,7.01683551230818
Bach_WTC1_Newman_Prelude_0_Minor (P2).wav,Newman,P2,0,Minor,101,17.5879818594104,5.74255766280314
Bach_WTC1_Newman_Prelude_10_Major (H1).wav,Newman,H1,10,Major,205,27.5269841269841,7.44723791950179
Bach_WTC1_Newman_Prelude_10_Major (H3).wav,Newman,H3,10,Major,198,27.29,7.25540491022353
Bach_WTC1_Newman_Prelude_10_Major (P2).wav,Newman,P2,10,Major,139,24.7959863945578,5.60574593759688
Bach_WTC1_Newman_Prelude_10_Minor (H1).wav,Newman,H1,10,Minor,117,55.3509977324263,2.11378303541325
Bach_WTC1_Newman_Prelude_10_Minor (H3).wav,Newman,H3,10,Minor,147,48.06,3.05867665418227
Bach_WTC1_Newman_Prelude_10_Minor (P2).wav,Newman,P2,10,Minor,143,51.0819954648526,2.79942078806205
Bach_WTC1_Newman_Prelude_11_Major (H1).wav,Newman,H1,11,Major,155,30.04,5.15978695073236
Bach_WTC1_Newman_Prelude_11_Major (H3).wav,Newman,H3,11,Major,133,27.2389795918367,4.88270860336702
Bach_WTC1_Newman_Prelude_11_Major (P2).wav,Newman,P2,11,Major,131,29.1229931972789,4.49816401468788
Bach_WTC1_Newman_Prelude_11_Minor (H1).wav,Newman,H1,11,Minor,92,17.1939909297052,5.35070655650144
Bach_WTC1_Newman_Prelude_11_Minor (H3).wav,Newman,H3,11,Minor,72,18.0579818594104,3.98715651397552
Bach_WTC1_Newman_Prelude_11_Minor (P2).wav,Newman,P2,11,Minor,58,23.84,2.43288590604027
Bach_WTC1_Newman_Prelude_1_Major (H1).wav,Newman,H1,1,Major,63,7.27199546485261,8.66337173950327
Bach_WTC1_Newman_Prelude_1_Major (H3).wav,Newman,H3,1,Major,52,7.93299319727891,6.55490288556361
Bach_WTC1_Newman_Prelude_1_Major (P2).wav,Newman,P2,1,Major,44,7.1309977324263,6.17024456478534
Bach_WTC1_Newman_Prelude_1_Minor (H1).wav,Newman,H1,1,Minor,119,29.0519954648526,4.09610417790294
Bach_WTC1_Newman_Prelude_1_Minor (H3).wav,Newman,H3,1,Minor,125,27.5009977324263,4.54528963698699
Bach_WTC1_Newman_Prelude_1_Minor (P2).wav,Newman,P2,1,Minor,84,30.8549886621315,2.72241227892894
Bach_WTC1_Newman_Prelude_2_Major (H1).wav,Newman,H1,2,Major,138,17.2289569160998,8.00977103094642
Bach_WTC1_Newman_Prelude_2_Major (H3).wav,Newman,H3,2,Major,154,24.0769841269841,6.39614991594423
Bach_WTC1_Newman_Prelude_2_Major (P2).wav,Newman,P2,2,Major,83,15.2549886621315,5.44084311291797
Bach_WTC1_Newman_Prelude_2_Minor (H1).wav,Newman,H1,2,Minor,188,25.0259863945578,7.51219140920186
Bach_WTC1_Newman_Prelude_2_Minor (H3).wav,Newman,H3,2,Minor,146,24.78,5.89184826472962
Bach_WTC1_Newman_Prelude_2_Minor (P2).wav,Newman,P2,2,Minor,105,19.5149886621315,5.38047968245816
Bach_WTC1_Newman_Prelude_3_Major (H1).wav,Newman,H1,3,Major,159,33.8169841269841,4.7017794195647
Bach_WTC1_Newman_Prelude_3_Major (H3).wav,Newman,H3,3,Major,163,31.54,5.16804058338618
Bach_WTC1_Newman_Prelude_3_Major (P2).wav,Newman,P2,3,Major,98,24.1809977324263,4.05276908274896
Bach_WTC1_Newman_Prelude_3_Minor (H1).wav,Newman,H1,3,Minor,103,44.4439909297052,2.31752364820049
Bach_WTC1_Newman_Prelude_3_Minor (H3).wav,Newman,H3,3,Minor,104,34.3339909297052,3.0290681969634
Bach_WTC1_Newman_Prelude_3_Minor (P2).wav,Newman,P2,3,Minor,74,37.3619954648526,1.98062226279144
Bach_WTC1_Newman_Prelude_4_Major (H1).wav,Newman,H1,4,Major,121,25.1449886621315,4.81209204847352
Bach_WTC1_Newman_Prelude_4_Major (H3).wav,Newman,H3,4,Major,118,22.7859863945578,5.17862154206249
Bach_WTC1_Newman_Prelude_4_Major (P2).wav,Newman,P2,4,Major,87,23.4,3.71794871794872
Bach_WTC1_Newman_Prelude_4_Minor (H1).wav,Newman,H1,4,Minor,164,40.9839909297052,4.00156247060685
Bach_WTC1_Newman_Prelude_4_Minor (H3).wav,Newman,H3,4,Minor,181,36.7239909297052,4.92865822634743
Bach_WTC1_Newman_Prelude_4_Minor (P2).wav,Newman,P2,4,Minor,117,29.5369841269841,3.96113562227608
Bach_WTC1_Newman_Prelude_5_Major (H1).wav,Newman,H1,5,Major,213,32.4119954648526,6.57164105280022
Bach_WTC1_Newman_Prelude_5_Major (H3).wav,Newman,H3,5,Major,195,27.8869841269841,6.99250944856792
Bach_WTC1_Newman_Prelude_5_Major (P2).wav,Newman,P2,5,Major,134,23.8279818594104,5.62364033977469
Bach_WTC1_Newman_Prelude_5_Minor (H1).wav,Newman,H1,5,Minor,194,49.3539909297052,3.930786474316
Bach_WTC1_Newman_Prelude_5_Minor (H3).wav,Newman,H3,5,Minor,181,38.2789795918367,4.72844370278354
Bach_WTC1_Newman_Prelude_5_Minor (P2).wav,Newman,P2,5,Minor,148,41.1379818594104,3.59764853088301
Bach_WTC1_Newman_Prelude_6_Major (H1).wav,Newman,H1,6,Major,109,21.3579818594104,5.10347844274313
Bach_WTC1_Newman_Prelude_6_Major (H3).wav,Newman,H3,6,Major,103,19.0029931972789,5.42019875136033
Bach_WTC1_Newman_Prelude_6_Major (P2).wav,Newman,P2,6,Major,75,19.8479818594104,3.77872171242642
Bach_WTC1_Newman_Prelude_6_Minor (H1).wav,Newman,H1,6,Minor,135,23.6219954648526,5.71501252723834
Bach_WTC1_Newman_Prelude_6_Minor (H3).wav,Newman,H3,6,Minor,141,22.5769841269841,6.2452982739832
Bach_WTC1_Newman_Prelude_6_Minor (P2).wav,Newman,P2,6,Minor,87,18.7379818594104,4.6429759967084
Bach_WTC1_Newman_Prelude_7_Major (H1).wav,Newman,H1,7,Major,185,23.5339909297052,7.86097014112843
Bach_WTC1_Newman_Prelude_7_Major (H3).wav,Newman,H3,7,Major,165,24.2459863945578,6.80525004489136
Bach_WTC1_Newman_Prelude_7_Major (P2).wav,Newman,P2,7,Major,115,20.2809977324263,5.6703324716679
Bach_WTC1_Newman_Prelude_7_Minor (H1).wav,Newman,H1,7,Minor,251,47.4789795918367,5.28655000924147
Bach_WTC1_Newman_Prelude_7_Minor (H3).wav,Newman,H3,7,Minor,233,43.4489795918367,5.36261155472053
Bach_WTC1_Newman_Prelude_7_Minor (P2).wav,Newman,P2,7,Minor,119,31.0819954648526,3.8285830179264
Bach_WTC1_Newman_Prelude_8_Major (H1).wav,Newman,H1,8,Major,67,16.9509977324263,3.95256969870468
Bach_WTC1_Newman_Prelude_8_Major (H3).wav,Newman,H3,8,Major,81,15.7069841269841,5.15694160923257
Bach_WTC1_Newman_Prelude_8_Major (P2).wav,Newman,P2,8,Major,71,15.8669841269841,4.47470038614674
Bach_WTC1_Newman_Prelude_8_Minor (H1).wav,Newman,H1,8,Minor,96,21.3669841269841,4.49291296466883
Bach_WTC1_Newman_Prelude_8_Minor (H3).wav,Newman,H3,8,Minor,119,20.1319954648526,5.91098881418664
Bach_WTC1_Newman_Prelude_8_Minor (P2).wav,Newman,P2,8,Minor,111,25.12,4.4187898089172
Bach_WTC1_Newman_Prelude_9_Major (H1).wav,Newman,H1,9,Major,133,25.5949886621315,5.19632970952541
Bach_WTC1_Newman_Prelude_9_Major (H3).wav,Newman,H3,9,Major,127,23.79,5.33837746952501
Bach_WTC1_Newman_Prelude_9_Major (P2).wav,Newman,P2,9,Major,79,24.5869841269841,3.2130821572906
Bach_WTC1_Newman_Prelude_9_Minor (H1).wav,Newman,H1,9,Minor,104,21.2559863945578,4.89273930033316
Bach_WTC1_Newman_Prelude_9_Minor (H3).wav,Newman,H3,9,Minor,101,19.37,5.21424883840991
Bach_WTC1_Newman_Prelude_9_Minor (P2).wav,Newman,P2,9,Minor,69,18.8,3.67021276595745
Bach_WTC1_Richter_Prelude_0_Major (P1).wav,Richter,P1,0,Major,190,27.66,6.86912509038322
Bach_WTC1_Richter_Prelude_0_Minor (P1).wav,Richter,P1,0,Minor,124,17.1480045351474,7.23116207170598
Bach_WTC1_Richter_Prelude_10_Major (P1).wav,Richter,P1,10,Major,160,23.2,6.89655172413793
Bach_WTC1_Richter_Prelude_10_Minor (P1).wav,Richter,P1,10,Minor,205,47.6809977324263,4.29940667664733
Bach_WTC1_Richter_Prelude_11_Major (P1).wav,Richter,P1,11,Major,148,21.3809977324263,6.92203431533712
Bach_WTC1_Richter_Prelude_11_Minor (P1).wav,Richter,P1,11,Minor,125,39.5419954648526,3.16119605322164
Bach_WTC1_Richter_Prelude_1_Major (P1).wav,Richter,P1,1,Major,51,7.88,6.47208121827411
Bach_WTC1_Richter_Prelude_1_Minor (P1).wav,Richter,P1,1,Minor,142,40.2670068027211,3.52646027790683
Bach_WTC1_Richter_Prelude_2_Major (P1).wav,Richter,P1,2,Major,127,15.5819954648526,8.15043235550071
Bach_WTC1_Richter_Prelude_2_Minor (P1).wav,Richter,P1,2,Minor,158,27.2670068027211,5.79454874321711
Bach_WTC1_Richter_Prelude_3_Major (P1).wav,Richter,P1,3,Major,130,22.3360090702948,5.82019820957587
Bach_WTC1_Richter_Prelude_3_Minor (P1).wav,Richter,P1,3,Minor,88,52.4650113378685,1.67730831950632
Bach_WTC1_Richter_Prelude_4_Major (P1).wav,Richter,P1,4,Major,119,22.0560090702948,5.39535505361531
Bach_WTC1_Richter_Prelude_4_Minor (P1).wav,Richter,P1,4,Minor,160,29.4590022675737,5.43127695047962
Bach_WTC1_Richter_Prelude_5_Major (P1).wav,Richter,P1,5,Major,173,24.2650113378685,7.1296072188523
Bach_WTC1_Richter_Prelude_5_Minor (P1).wav,Richter,P1,5,Minor,198,43.6089795918367,4.54034930083675
Bach_WTC1_Richter_Prelude_6_Major (P1).wav,Richter,P1,6,Major,119,22.78,5.22388059701492
Bach_WTC1_Richter_Prelude_6_Minor (P1).wav,Richter,P1,6,Minor,115,17.7539909297052,6.47741684984118
Bach_WTC1_Richter_Prelude_7_Major (P1).wav,Richter,P1,7,Major,101,21.8169841269841,4.62942079492459
Bach_WTC1_Richter_Prelude_7_Minor (P1).wav,Richter,P1,7,Minor,244,43.9569841269841,5.55088127281722
Bach_WTC1_Richter_Prelude_8_Major (P1).wav,Richter,P1,8,Major,65,14.3909977324263,4.51671254547832
Bach_WTC1_Richter_Prelude_8_Minor (P1).wav,Richter,P1,8,Minor,96,22.9539909297052,4.18227925130721
Bach_WTC1_Richter_Prelude_9_Major (P1).wav,Richter,P1,9,Major,88,24.4479818594104,3.59947911062963
Bach_WTC1_Richter_Prelude_9_Minor (P1).wav,Richter,P1,9,Minor,75,17.0719954648526,4.39315955503902
Bach_WTC1_Tureck_Prelude_0_Major (P1).wav,Tureck,P1,0,Major,136,39.6115192743764,3.43334470606823
Bach_WTC1_Tureck_Prelude_0_Minor (P1).wav,Tureck,P1,0,Minor,120,19.0224489795918,6.30833601544899
Bach_WTC1_Tureck_Prelude_10_Major (P1).wav,Tureck,P1,10,Major,159,26.1209977324263,6.08705691982888
Bach_WTC1_Tureck_Prelude_10_Minor (P1).wav,Tureck,P1,10,Minor,90,60.52,1.48711169861203
Bach_WTC1_Tureck_Prelude_11_Major (P1).wav,Tureck,P1,11,Major,100,32.7739909297052,3.05119996568265
Bach_WTC1_Tureck_Prelude_11_Minor (P1).wav,Tureck,P1,11,Minor,69,30.7760090702948,2.24200609774967
Bach_WTC1_Tureck_Prelude_1_Major (P1).wav,Tureck,P1,1,Major,43,6.76984126984127,6.35169988276671
Bach_WTC1_Tureck_Prelude_1_Minor (P1).wav,Tureck,P1,1,Minor,103,43.7853741496599,2.35238368976687
Bach_WTC1_Tureck_Prelude_2_Major (P1).wav,Tureck,P1,2,Major,107,18.1731292517007,5.88781373411443
Bach_WTC1_Tureck_Prelude_2_Minor (P1).wav,Tureck,P1,2,Minor,163,25.6838321995465,6.34640495754672
Bach_WTC1_Tureck_Prelude_3_Major (P1).wav,Tureck,P1,3,Major,155,36.4525850340136,4.2520989898349
Bach_WTC1_Tureck_Prelude_3_Minor (P1).wav,Tureck,P1,3,Minor,95,60.1389115646259,1.57967607873834
Bach_WTC1_Tureck_Prelude_4_Major (P1).wav,Tureck,P1,4,Major,102,32.994126984127,3.09145927846707
Bach_WTC1_Tureck_Prelude_4_Minor (P1).wav,Tureck,P1,4,Minor,82,48.64589569161,1.68565094411742
Bach_WTC1_Tureck_Prelude_5_Major (P1).wav,Tureck,P1,5,Major,174,28.4296825396825,6.12036380487641
Bach_WTC1_Tureck_Prelude_5_Minor (P1).wav,Tureck,P1,5,Minor,127,44.6477551020408,2.84448791903974
Bach_WTC1_Tureck_Prelude_6_Major (P1).wav,Tureck,P1,6,Major,98,29.0829931972789,3.36966691616766
Bach_WTC1_Tureck_Prelude_6_Minor (P1).wav,Tureck,P1,6,Minor,121,28.4119954648526,4.25876458236397
Bach_WTC1_Tureck_Prelude_7_Major (P1).wav,Tureck,P1,7,Major,161,27.2760090702948,5.9026230554872
Bach_WTC1_Tureck_Prelude_7_Minor (P1).wav,Tureck,P1,7,Minor,173,49.5509977324263,3.49135250382231
Bach_WTC1_Tureck_Prelude_8_Major (P1).wav,Tureck,P1,8,Major,65,19.1929931972789,3.38665258367389
Bach_WTC1_Tureck_Prelude_8_Minor (P1).wav,Tureck,P1,8,Minor,94,24.8629931972789,3.78071937091982
Bach_WTC1_Tureck_Prelude_9_Major (P1).wav,Tureck,P1,9,Major,123,29.5580045351474,4.16130932836622
Bach_WTC1_Tureck_Prelude_9_Minor (P1).wav,Tureck,P1,9,Minor,107,21.8839909297052,4.88941895213266
