composer,set,setCode,pieceNumber,compSet,keyName,mode,keyChroma,pieceID,snippitName,,pieceTitle,excerptID,pickUpLength,notes
Alkan,1,alkan-1,1,alkan1.1,C,Major,0,M0,alkan1.0maj,,,101,,
Alkan,1,alkan-1,2,alkan1.2,F,minor,5,m5,alkan1.5min,,,102,,
Alkan,1,alkan-1,3,alkan1.3,Db,Major,1,M1,alkan1.1maj,,dans le genre ancien,103,,
Alkan,1,alkan-1,4,alkan1.4,F#,minor,6,m6,alkan1.6min,,,104,,
Alkan,1,alkan-1,5,alkan1.5,D,Major,2,M2,alkan1.2maj,,,105,0.33,
Alkan,1,alkan-1,6,alkan1.6,G,minor,7,m7,alkan1.7min,,Prière du Soir,106,,
Alkan,1,alkan-1,7,alkan1.7,Eb,Major,3,M3,alkan1.3maj,,Psaume 150,107,0.5,
Alkan,1,alkan-1,8,alkan1.8,Ab,minor,8,m8,alkan1.8min,,Ancienne melodie de la synagogue,108,,
Alkan,1,alkan-1,9,alkan1.9,E,Major,4,M4,alkan1.4maj,,Un petit rein,109,0.25,
Alkan,1,alkan-1,10,alkan1.10,A,minor,9,m9,alkan1.9min,,Placiditas,110,,
Alkan,1,alkan-1,11,alkan1.11,F,Major,5,M5,alkan1.5maj,,Dans le style Fugue,111,,
Alkan,1,alkan-1,12,alkan1.12,Bb,minor,10,m10,alkan1.10min,,J’etais endormie maid mon coeur veillait,112,0.25,
Alkan,1,alkan-1,13,alkan1.13,Gb,Major,6,M6,alkan1.6maj,,,113,,
Alkan,1,alkan-1,14,alkan1.14,B,minor,11,m11,alkan1.11min,,Le temps qui n'est plus,114,0.5,
Alkan,1,alkan-1,15,alkan1.15,G,Major,7,M7,alkan1.7maj,,Rêve d'amour,115,0.5,
Alkan,1,alkan-1,16,alkan1.16,C,minor,0,m0,alkan1.0min,,Danse le genre gothique,116,,
Alkan,1,alkan-1,17,alkan1.17,Ab,Major,8,M8,alkan1.8maj,,,117,0.5,
Alkan,1,alkan-1,18,alkan1.18,C#,minor,1,m1,alkan1.1min,,,118,,
Alkan,1,alkan-1,19,alkan1.19,D,Major,2,M2,alkan1.2maj,,,119,,
Alkan,1,alkan-1,20,alkan1.20,A,minor,9,m9,alkan1.9min,,Prière du matin,120,,
Alkan,1,alkan-1,21,alkan1.21,Bb,Major,10,M10,alkan1.10maj,,Wiegenlied,121,,
Alkan,1,alkan-1,22,alkan1.22,Eb,minor,3,m3,alkan1.3min,,Anniversaire (Zum Neujahr),122,0.25,
Alkan,1,alkan-1,23,alkan1.23,B,Major,11,M11,alkan1.11maj,,,123,0.25,
Alkan,1,alkan-1,24,alkan1.24,E,minor,4,m4,alkan1.4min,,,124,,
Alkan,1,alkan-1,25,alkan1.25,C,Major,0,M0,alkan1.0maj,,Priere Gebet,125,,
Bach,1,bach-1,1,bach1.1,C,Major,0,M0,bach1.0maj,,preludium I,127,,
Bach,1,bach-1,2,bach1.2,C,minor,0,m0,bach1.0min,,preludium II,128,,
Bach,1,bach-1,3,bach1.3,C#,Major,1,M1,bach1.1maj,,preludium III,129,,
Bach,1,bach-1,4,bach1.4,C#,minor,1,m1,bach1.1min,,preludium IV,130,,
Bach,1,bach-1,5,bach1.5,D,Major,2,M2,bach1.2maj,,preludium V,131,,
Bach,1,bach-1,6,bach1.6,D,minor,2,m2,bach1.2min,,preludium VI,132,,
Bach,1,bach-1,7,bach1.7,Eb,Major,3,M3,bach1.3maj,,preludium VII,133,,
Bach,1,bach-1,8,bach1.8,Eb,minor,3,m3,bach1.3min,,preludium VIII,134,,
Bach,1,bach-1,9,bach1.9,E,Major,4,M4,bach1.4maj,,preludium IX,135,,
Bach,1,bach-1,10,bach1.10,E,minor,4,m4,bach1.4min,,preludium X,136,,
Bach,1,bach-1,11,bach1.11,F,Major,5,M5,bach1.5maj,,preludium XI,137,,
Bach,1,bach-1,12,bach1.12,F,minor,5,m5,bach1.5min,,preludium XII,138,,
Bach,1,bach-1,13,bach1.13,F#,Major,6,M6,bach1.6maj,,preludium XIII,139,,
Bach,1,bach-1,14,bach1.14,F#,minor,6,m6,bach1.6min,,preludium XIV,140,,
Bach,1,bach-1,15,bach1.15,G,Major,7,M7,bach1.7maj,,preludium XV,141,,
Bach,1,bach-1,16,bach1.16,G,minor,7,m7,bach1.7min,,preludium XVI,142,,
Bach,1,bach-1,17,bach1.17,Ab,Major,8,M8,bach1.8maj,,preludium XVII,143,,
Bach,1,bach-1,18,bach1.18,G#,minor,8,m8,bach1.8min,,preludium XVIII,144,,
Bach,1,bach-1,19,bach1.19,A,Major,9,M9,bach1.9maj,,preludium XIX,145,,
Bach,1,bach-1,20,bach1.20,A,minor,9,m9,bach1.9min,,preludium XX,146,,
Bach,1,bach-1,21,bach1.21,Bb,Major,10,M10,bach1.10maj,,preludium XXI,147,,
Bach,1,bach-1,22,bach1.22,Bb,minor,10,m10,bach1.10min,,preludium XXII,148,,
Bach,1,bach-1,23,bach1.23,B,Major,11,M11,bach1.11maj,,preludium XXIII,149,,
Bach,1,bach-1,24,bach1.24,B,minor,11,m11,bach1.11min,,preludium XXIV,150,,
Bach,3,bach-3,1,bach3.1,C,Major,0,M0,bach3.0maj,,preludium I,152,,
Bach,3,bach-3,2,bach3.2,C,minor,0,m0,bach3.0min,,preludium II,153,,
Bach,3,bach-3,3,bach3.3,C#,Major,1,M1,bach3.1maj,,preludium III,154,,
Bach,3,bach-3,4,bach3.4,C#,minor,1,m1,bach3.1min,,preludium IV,155,,
Bach,3,bach-3,5,bach3.5,D,Major,2,M2,bach3.2maj,,preludium V,156,,
Bach,3,bach-3,6,bach3.6,D,minor,2,m2,bach3.2min,,preludium VI,157,,
Bach,3,bach-3,7,bach3.7,Eb,Major,3,M3,bach3.3maj,,preludium VII,158,,
Bach,3,bach-3,8,bach3.8,D#,minor,3,m3,bach3.3min,,preludium VIII,159,,
Bach,3,bach-3,9,bach3.9,E,Major,4,M4,bach3.4maj,,preludium IX,160,,
Bach,3,bach-3,10,bach3.10,E,minor,4,m4,bach3.4min,,preludium X,161,,
Bach,3,bach-3,11,bach3.11,F,Major,5,M5,bach3.5maj,,preludium XI,162,,
Bach,3,bach-3,12,bach3.12,F,minor,5,m5,bach3.5min,,preludium XII,163,0.5,
Bach,3,bach-3,13,bach3.13,F#,Major,6,M6,bach3.6maj,,preludium XIII,164,,
Bach,3,bach-3,14,bach3.14,F#,minor,6,m6,bach3.6min,,preludium XIV,165,,
Bach,3,bach-3,15,bach3.15,G,Major,7,M7,bach3.7maj,,preludium XV,166,,
Bach,3,bach-3,16,bach3.16,G,minor,7,m7,bach3.7min,,preludium XVI,167,,
Bach,3,bach-3,17,bach3.17,Ab,Major,8,M8,bach3.8maj,,preludium XVII,168,,
Bach,3,bach-3,18,bach3.18,G#,minor,8,m8,bach3.8min,,preludium XVIII,169,,
Bach,3,bach-3,19,bach3.19,A,Major,9,M9,bach3.9maj,,preludium XIX,170,,
Bach,3,bach-3,20,bach3.20,A,minor,9,m9,bach3.9min,,preludium XX,171,,
Bach,3,bach-3,21,bach3.21,Bb,Major,10,M10,bach3.10maj,,preludium XXI,172,,
Bach,3,bach-3,22,bach3.22,Bb,minor,10,m10,bach3.10min,,preludium XXII,173,,
Bach,3,bach-3,23,bach3.23,B,Major,11,M11,bach3.11maj,,preludium XXIII,174,,
Bach,3,bach-3,24,bach3.24,B,minor,11,m11,bach3.11min,,preludium XXIV,175,,
Chopin,1,chopin-1,1,chopin1.1,C,Major,0,M0,chopin1.0maj,,,177,,
Chopin,1,chopin-1,2,chopin1.2,A,minor,9,m9,chopin1.9min,,,178,,
Chopin,1,chopin-1,3,chopin1.3,G,Major,7,M7,chopin1.7maj,,,179,,
Chopin,1,chopin-1,4,chopin1.4,E,minor,4,m4,chopin1.4min,,,180,0.25,
Chopin,1,chopin-1,5,chopin1.5,D,Major,2,M2,chopin1.2maj,,,181,,
Chopin,1,chopin-1,6,chopin1.6,B,minor,11,m11,chopin1.11min,,,182,,
Chopin,1,chopin-1,7,chopin1.7,A,Major,9,M9,chopin1.9maj,,,183,0.33,
Chopin,1,chopin-1,8,chopin1.8,F#,minor,6,m6,chopin1.6min,,,184,,
Chopin,1,chopin-1,9,chopin1.9,E,Major,4,M4,chopin1.4maj,,,185,,
Chopin,1,chopin-1,10,chopin1.10,C#,minor,1,m1,chopin1.1min,,,186,,
Chopin,1,chopin-1,11,chopin1.11,B,Major,11,M11,chopin1.11maj,,,187,,
Chopin,1,chopin-1,12,chopin1.12,G#,minor,8,m8,chopin1.8min,,,188,,
Chopin,1,chopin-1,13,chopin1.13,F#,Major,6,M6,chopin1.6maj,,,189,,
Chopin,1,chopin-1,14,chopin1.14,Eb,minor,3,m3,chopin1.3min,,,190,,
Chopin,1,chopin-1,15,chopin1.15,Db,Major,1,M1,chopin1.1maj,,,191,,
Chopin,1,chopin-1,16,chopin1.16,Bb,minor,10,m10,chopin1.10min,,,192,,
Chopin,1,chopin-1,17,chopin1.17,Ab,Major,8,M8,chopin1.8maj,,,193,,
Chopin,1,chopin-1,18,chopin1.18,F,minor,5,m5,chopin1.5min,,,194,,
Chopin,1,chopin-1,19,chopin1.19,Eb,Major,3,M3,chopin1.3maj,,,195,0.33,
Chopin,1,chopin-1,20,chopin1.20,C,minor,0,m0,chopin1.0min,,,196,,
Chopin,1,chopin-1,21,chopin1.21,Bb,Major,10,M10,chopin1.10maj,,,197,,
Chopin,1,chopin-1,22,chopin1.22,G,minor,7,m7,chopin1.7min,,,198,,
Chopin,1,chopin-1,23,chopin1.23,F,Major,5,M5,chopin1.5maj,,,199,,
Chopin,1,chopin-1,24,chopin1.24,D,minor,2,m2,chopin1.2min,,,200,,
Debussy,1,debussy-1,1,debussy1.1,NA,NA,NA,NNA,debussy1.nana,,Danseuses de Delphes,202,,
Debussy,1,debussy-1,2,debussy1.2,NA,NA,NA,NNA,debussy1.nana,,Violes,203,,
Debussy,1,debussy-1,3,debussy1.3,NA,NA,NA,NNA,debussy1.nana,,Le vent dans la plaine,204,,
Debussy,1,debussy-1,4,debussy1.4,NA,NA,NA,NNA,debussy1.nana,,Les sons et les parfums tournent dans l'air du soir,205,,
Debussy,1,debussy-1,5,debussy1.5,NA,NA,NA,NNA,debussy1.nana,,Les collines d'Anacapri,206,,
Debussy,1,debussy-1,6,debussy1.6,NA,NA,NA,NNA,debussy1.nana,,Des pas sure la neige,207,,
Debussy,1,debussy-1,7,debussy1.7,NA,NA,NA,NNA,debussy1.nana,,Ce qu'a vu le vent d'ouest,208,,
Debussy,1,debussy-1,8,debussy1.8,NA,NA,NA,NNA,debussy1.nana,,la fille aux cheveux de lin,209,,
Debussy,1,debussy-1,9,debussy1.9,NA,NA,NA,NNA,debussy1.nana,,La sérénade interrompue,210,,
Debussy,1,debussy-1,10,debussy1.10,NA,NA,NA,NNA,debussy1.nana,,La cathédrale engloutie,211,,
Debussy,1,debussy-1,11,debussy1.11,NA,NA,NA,NNA,debussy1.nana,,La danse de Puck,212,,
Debussy,1,debussy-1,12,debussy1.12,NA,NA,NA,NNA,debussy1.nana,,Minstrels,213,,
Debussy,1,debussy-1,13,debussy1.13,NA,NA,NA,NNA,debussy1.nana,,Brouillards,214,,
Debussy,1,debussy-1,14,debussy1.14,NA,NA,NA,NNA,debussy1.nana,,Feuilles mortes,215,,
Debussy,1,debussy-1,15,debussy1.15,NA,NA,NA,NNA,debussy1.nana,,La Puerta del Vino,216,,
Debussy,1,debussy-1,16,debussy1.16,NA,NA,NA,NNA,debussy1.nana,,Les Fées sont d'exquises danseuses,217,,
Debussy,1,debussy-1,17,debussy1.17,NA,NA,NA,NNA,debussy1.nana,,Bruyères,218,0.165,
Debussy,1,debussy-1,18,debussy1.18,NA,NA,NA,NNA,debussy1.nana,,Géneral Lavine - excentrique,219,0.1875,
Debussy,1,debussy-1,19,debussy1.19,NA,NA,NA,NNA,debussy1.nana,,La terrasse des audiences du claire de lune,220,,
Debussy,1,debussy-1,20,debussy1.20,NA,NA,NA,NNA,debussy1.nana,,Ondine,221,,
Debussy,1,debussy-1,21,debussy1.21,NA,NA,NA,NNA,debussy1.nana,,Hommage à S. Pickwick Esquire,222,,
Debussy,1,debussy-1,22,debussy1.22,NA,NA,NA,NNA,debussy1.nana,,Canope,223,,
Debussy,1,debussy-1,23,debussy1.23,NA,NA,NA,NNA,debussy1.nana,,Les tierces alternées,224,,
Debussy,1,debussy-1,24,debussy1.24,NA,NA,NA,NNA,debussy1.nana,,Feux d'artifice,225,,
Fischer,1,fischer-1,1,fischer1.1,C,Major,0,M0,fischer1.0maj,,,227,,
Fischer,1,fischer-1,2,fischer1.2,C#,minor,1,m1,fischer1.1min,,,228,,
Fischer,1,fischer-1,3,fischer1.3,D,minor,2,m2,fischer1.2min,,,229,,
Fischer,1,fischer-1,4,fischer1.4,D,Major,2,M2,fischer1.2maj,,,230,,
Fischer,1,fischer-1,5,fischer1.5,Eb,Major,3,M3,fischer1.3maj,,,231,,
Fischer,1,fischer-1,6,fischer1.6,Eb,Phrygian,3,P3,fischer1.3phr,,Praeludiam No 6 phrygisch,232,,
Fischer,1,fischer-1,7,fischer1.7,E,minor,4,m4,fischer1.4min,,,233,,
Fischer,1,fischer-1,8,fischer1.8,E,Major,4,M4,fischer1.4maj,,,234,,
Fischer,1,fischer-1,9,fischer1.9,F,minor,5,m5,fischer1.5min,,,235,,
Fischer,1,fischer-1,10,fischer1.10,F,Major,5,M5,fischer1.5maj,,,236,,
Fischer,1,fischer-1,11,fischer1.11,F#,minor,6,m6,fischer1.6min,,,237,,
Fischer,1,fischer-1,12,fischer1.12,G,minor,7,m7,fischer1.7min,,,238,,
Fischer,1,fischer-1,13,fischer1.13,G,Major,7,M7,fischer1.7maj,,,239,,
Fischer,1,fischer-1,14,fischer1.14,Ab,Major,8,M8,fischer1.8maj,,,240,,
Fischer,1,fischer-1,15,fischer1.15,A,minor,9,m9,fischer1.9min,,,241,,
Fischer,1,fischer-1,16,fischer1.16,A,Major,9,M9,fischer1.9maj,,,242,,
Fischer,1,fischer-1,17,fischer1.17,Bb,Major,10,M10,fischer1.10maj,,,243,,
Fischer,1,fischer-1,18,fischer1.18,B,minor,11,m11,fischer1.11min,,,244,,
Fischer,1,fischer-1,19,fischer1.19,B,Major,11,M11,fischer1.11maj,,,245,,
Fischer,1,fischer-1,20,fischer1.20,C,minor,0,m0,fischer1.0min,,,246,,
Guillet,1,guillet-1,1,guillet1.1,NA,NA,NA,NNA,guillet1.nana,,,248,,
Guillet,1,guillet-1,2,guillet1.2,NA,NA,NA,NNA,guillet1.nana,,,249,,
Guillet,1,guillet-1,3,guillet1.3,NA,NA,NA,NNA,guillet1.nana,,,250,,
Guillet,1,guillet-1,4,guillet1.4,NA,NA,NA,NNA,guillet1.nana,,,251,,
Guillet,1,guillet-1,5,guillet1.5,NA,NA,NA,NNA,guillet1.nana,,,252,,
Guillet,1,guillet-1,6,guillet1.6,NA,NA,NA,NNA,guillet1.nana,,,253,,
Guillet,1,guillet-1,7,guillet1.7,NA,NA,NA,NNA,guillet1.nana,,,254,,
Guillet,1,guillet-1,8,guillet1.8,NA,NA,NA,NNA,guillet1.nana,,,255,,
Guillet,1,guillet-1,9,guillet1.9,NA,NA,NA,NNA,guillet1.nana,,,256,,
Guillet,1,guillet-1,10,guillet1.10,NA,NA,NA,NNA,guillet1.nana,,,257,,
Guillet,1,guillet-1,11,guillet1.11,NA,NA,NA,NNA,guillet1.nana,,,258,,
Guillet,1,guillet-1,12,guillet1.12,NA,NA,NA,NNA,guillet1.nana,,,259,,
Guillet,1,guillet-1,13,guillet1.13,NA,NA,NA,NNA,guillet1.nana,,,260,,
Guillet,1,guillet-1,14,guillet1.14,NA,NA,NA,NNA,guillet1.nana,,,261,,
Guillet,1,guillet-1,15,guillet1.15,NA,NA,NA,NNA,guillet1.nana,,,262,,
Guillet,1,guillet-1,16,guillet1.16,NA,NA,NA,NNA,guillet1.nana,,,263,,
Guillet,1,guillet-1,17,guillet1.17,NA,NA,NA,NNA,guillet1.nana,,,264,,
Guillet,1,guillet-1,18,guillet1.18,NA,NA,NA,NNA,guillet1.nana,,,265,,
Guillet,1,guillet-1,19,guillet1.19,NA,NA,NA,NNA,guillet1.nana,,,266,,
Guillet,1,guillet-1,20,guillet1.20,NA,NA,NA,NNA,guillet1.nana,,,267,,
Guillet,1,guillet-1,21,guillet1.21,NA,NA,NA,NNA,guillet1.nana,,,268,,
Guillet,1,guillet-1,22,guillet1.22,NA,NA,NA,NNA,guillet1.nana,,,269,,
Guillet,1,guillet-1,23,guillet1.23,NA,NA,NA,NNA,guillet1.nana,,,270,,
Guillet,1,guillet-1,24,guillet1.24,NA,NA,NA,NNA,guillet1.nana,,,271,,
Hummel,1,hummel-1,1,hummel1.1,C,Major,0,M0,hummel1.0maj,,,273,,
Hummel,1,hummel-1,2,hummel1.2,A,minor,9,m9,hummel1.9min,,,274,,
Hummel,1,hummel-1,3,hummel1.3,G,Major,7,M7,hummel1.7maj,,,275,,
Hummel,1,hummel-1,4,hummel1.4,E,minor,4,m4,hummel1.4min,,,276,,
Hummel,1,hummel-1,5,hummel1.5,D,Major,2,M2,hummel1.2maj,,,277,,
Hummel,1,hummel-1,6,hummel1.6,B,minor,11,m11,hummel1.11min,,,278,,
Hummel,1,hummel-1,7,hummel1.7,A,Major,9,M9,hummel1.9maj,,,279,,
Hummel,1,hummel-1,8,hummel1.8,F#,minor,6,m6,hummel1.6min,,,280,,
Hummel,1,hummel-1,9,hummel1.9,E,Major,4,M4,hummel1.4maj,,,281,,
Hummel,1,hummel-1,10,hummel1.10,C#,minor,1,m1,hummel1.1min,,,282,,
Hummel,1,hummel-1,11,hummel1.11,B,Major,11,M11,hummel1.11maj,,,283,,
Hummel,1,hummel-1,12,hummel1.12,G#,minor,8,m8,hummel1.8min,,,284,,
Hummel,1,hummel-1,13,hummel1.13,F#,Major,6,M6,hummel1.6maj,,,285,,
Hummel,1,hummel-1,14,hummel1.14,Eb,minor,3,m3,hummel1.3min,,,286,,
Hummel,1,hummel-1,15,hummel1.15,Db,Major,1,M1,hummel1.1maj,,,287,,
Hummel,1,hummel-1,16,hummel1.16,Bb,minor,10,m10,hummel1.10min,,,288,,
Hummel,1,hummel-1,17,hummel1.17,Ab,Major,8,M8,hummel1.8maj,,,289,,
Hummel,1,hummel-1,18,hummel1.18,F,minor,5,m5,hummel1.5min,,,290,,
Hummel,1,hummel-1,19,hummel1.19,Eb,Major,3,M3,hummel1.3maj,,,291,,
Hummel,1,hummel-1,20,hummel1.20,C,minor,0,m0,hummel1.0min,,,292,,
Hummel,1,hummel-1,21,hummel1.21,Bb,Major,10,M10,hummel1.10maj,,,293,,
Hummel,1,hummel-1,22,hummel1.22,G,minor,7,m7,hummel1.7min,,,294,,
Hummel,1,hummel-1,23,hummel1.23,F,Major,5,M5,hummel1.5maj,,,295,,
Hummel,1,hummel-1,24,hummel1.24,Db,minor,1,m1,hummel1.1min,,,296,,
Hummel,2,hummel-2,1,hummel2.1,C,Major,0,M0,hummel2.0maj,,,298,,
Hummel,2,hummel-2,2,hummel2.2,C,minor,0,m0,hummel2.0min,,,299,,
Hummel,2,hummel-2,3,hummel2.3,G,Major,7,M7,hummel2.7maj,,,300,,
Hummel,2,hummel-2,4,hummel2.4,G,minor,7,m7,hummel2.7min,,,301,0.5,
Hummel,2,hummel-2,5,hummel2.5,D,Major,2,M2,hummel2.2maj,,,302,,
Hummel,2,hummel-2,6,hummel2.6,D,minor,2,m2,hummel2.2min,,,303,,
Hummel,2,hummel-2,7,hummel2.7,A,Major,9,M9,hummel2.9maj,,,304,,
Hummel,2,hummel-2,8,hummel2.8,A,minor,9,m9,hummel2.9min,,,305,,
Hummel,2,hummel-2,9,hummel2.9,E,Major,4,M4,hummel2.4maj,,,306,,
Hummel,2,hummel-2,10,hummel2.10,E,minor,4,m4,hummel2.4min,,,307,,
Hummel,2,hummel-2,11,hummel2.11,B,Major,11,M11,hummel2.11maj,,,308,,
Hummel,2,hummel-2,12,hummel2.12,B,minor,11,m11,hummel2.11min,,,309,,
Hummel,2,hummel-2,13,hummel2.13,F#,Major,6,M6,hummel2.6maj,,,310,,
Hummel,2,hummel-2,14,hummel2.14,F#,minor,6,m6,hummel2.6min,,,311,,
Hummel,2,hummel-2,15,hummel2.15,Db,Major,1,M1,hummel2.1maj,,,312,0.5,
Hummel,2,hummel-2,16,hummel2.16,C#,minor,1,m1,hummel2.1min,,,313,,
Hummel,2,hummel-2,17,hummel2.17,Ab,Major,8,M8,hummel2.8maj,,,314,,
Hummel,2,hummel-2,18,hummel2.18,G#,minor,8,m8,hummel2.8min,,,315,0.25,Treble and bass line have different time signatures
Hummel,2,hummel-2,19,hummel2.19,Eb,Major,3,M3,hummel2.3maj,,,316,0.5,
Hummel,2,hummel-2,20,hummel2.20,Eb,minor,3,m3,hummel2.3min,,,317,,
Hummel,2,hummel-2,21,hummel2.21,Bb,Major,10,M10,hummel2.10maj,,,318,,
Hummel,2,hummel-2,22,hummel2.22,Bb,minor,10,m10,hummel2.10min,,,319,,
Hummel,2,hummel-2,23,hummel2.23,F,Major,5,M5,hummel2.5maj,,,320,,
Hummel,2,hummel-2,24,hummel2.24,F,minor,5,m5,hummel2.5min,,,321,,
Kalkbrenner,1,kalkbrenner-1,1,kalkbrenner1.1,C,Major,0,M0,kalkbren1.0maj,,,323,,
Kalkbrenner,1,kalkbrenner-1,2,kalkbrenner1.2,C,minor,0,m0,kalkbren1.0min,,,324,,
Kalkbrenner,1,kalkbrenner-1,3,kalkbrenner1.3,Db,Major,1,M1,kalkbren1.1maj,,,325,,
Kalkbrenner,1,kalkbrenner-1,4,kalkbrenner1.4,C#,minor,1,m1,kalkbren1.1min,,,326,,
Kalkbrenner,1,kalkbrenner-1,5,kalkbrenner1.5,D,Major,2,M2,kalkbren1.2maj,,,327,,
Kalkbrenner,1,kalkbrenner-1,6,kalkbrenner1.6,D,minor,2,m2,kalkbren1.2min,,,328,,
Kalkbrenner,1,kalkbrenner-1,7,kalkbrenner1.7,Eb,Major,3,M3,kalkbren1.3maj,,,329,,
Kalkbrenner,1,kalkbrenner-1,8,kalkbrenner1.8,Eb,minor,3,m3,kalkbren1.3min,,,330,,
Kalkbrenner,1,kalkbrenner-1,9,kalkbrenner1.9,E,Major,4,M4,kalkbren1.4maj,,,331,,
Kalkbrenner,1,kalkbrenner-1,10,kalkbrenner1.10,E,minor,4,m4,kalkbren1.4min,,,332,,
Kalkbrenner,1,kalkbrenner-1,11,kalkbrenner1.11,F,Major,5,M5,kalkbren1.5maj,,,333,,
Kalkbrenner,1,kalkbrenner-1,12,kalkbrenner1.12,F,minor,5,m5,kalkbren1.5min,,,334,,
Kalkbrenner,1,kalkbrenner-1,13,kalkbrenner1.13,Gb/F#,Major,#N/A,#N/A,#N/A,,,335,,key change midway
Kalkbrenner,1,kalkbrenner-1,14,kalkbrenner1.14,F#,minor,6,m6,kalkbren1.6min,,,336,,
Kalkbrenner,1,kalkbrenner-1,15,kalkbrenner1.15,G,Major,7,M7,kalkbren1.7maj,,,337,,
Kalkbrenner,1,kalkbrenner-1,16,kalkbrenner1.16,G,minor,7,m7,kalkbren1.7min,,,338,,
Kalkbrenner,1,kalkbrenner-1,17,kalkbrenner1.17,Ab,Major,8,M8,kalkbren1.8maj,,,339,0.33,
Kalkbrenner,1,kalkbrenner-1,18,kalkbrenner1.18,G#,minor,8,m8,kalkbren1.8min,,,340,0.25,
Kalkbrenner,1,kalkbrenner-1,19,kalkbrenner1.19,A,Major,9,M9,kalkbren1.9maj,,,341,,
Kalkbrenner,1,kalkbrenner-1,20,kalkbrenner1.20,A,minor,9,m9,kalkbren1.9min,,,342,,
Kalkbrenner,1,kalkbrenner-1,21,kalkbrenner1.21,Bb,Major,10,M10,kalkbren1.10maj,,,343,,
Kalkbrenner,1,kalkbrenner-1,22,kalkbrenner1.22,Bb,minor,10,m10,kalkbren1.10min,,,344,,
Kalkbrenner,1,kalkbrenner-1,23,kalkbrenner1.23,B,Major,11,M11,kalkbren1.11maj,,,345,,
Kalkbrenner,1,kalkbrenner-1,24,kalkbrenner1.24,B,minor,11,m11,kalkbren1.11min,,,346,,
Kalkbrenner,2,kalkbrenner-2,1,kalkbrenner2.1,C,Major,0,M0,kalkbren2.0maj,,,348,,
Kalkbrenner,2,kalkbrenner-2,2,kalkbrenner2.2,C,minor,0,m0,kalkbren2.0min,,,349,,
Kalkbrenner,2,kalkbrenner-2,3,kalkbrenner2.3,Db,Major,1,M1,kalkbren2.1maj,,,350,,
Kalkbrenner,2,kalkbrenner-2,4,kalkbrenner2.4,C#,minor,1,m1,kalkbren2.1min,,,351,,
Kalkbrenner,2,kalkbrenner-2,5,kalkbrenner2.5,D,Major,2,M2,kalkbren2.2maj,,,352,,
Kalkbrenner,2,kalkbrenner-2,6,kalkbrenner2.6,D,minor,2,m2,kalkbren2.2min,,,353,,
Kalkbrenner,2,kalkbrenner-2,7,kalkbrenner2.7,Eb,Major,3,M3,kalkbren2.3maj,,,354,,
Kalkbrenner,2,kalkbrenner-2,8,kalkbrenner2.8,Eb,minor,3,m3,kalkbren2.3min,,,355,,
Kalkbrenner,2,kalkbrenner-2,9,kalkbrenner2.9,E,Major,4,M4,kalkbren2.4maj,,,356,,
Kalkbrenner,2,kalkbrenner-2,10,kalkbrenner2.10,E,minor,4,m4,kalkbren2.4min,,,357,,
Kalkbrenner,2,kalkbrenner-2,11,kalkbrenner2.11,F,Major,5,M5,kalkbren2.5maj,,,358,,
Kalkbrenner,2,kalkbrenner-2,12,kalkbrenner2.12,F,minor,5,m5,kalkbren2.5min,,,359,,
Kalkbrenner,2,kalkbrenner-2,13,kalkbrenner2.13,F#,Major,6,M6,kalkbren2.6maj,,,360,,
Kalkbrenner,2,kalkbrenner-2,14,kalkbrenner2.14,F#,minor,6,m6,kalkbren2.6min,,,361,,
Kalkbrenner,2,kalkbrenner-2,15,kalkbrenner2.15,G,Major,7,M7,kalkbren2.7maj,,,362,0.5,
Kalkbrenner,2,kalkbrenner-2,16,kalkbrenner2.16,G,minor,7,m7,kalkbren2.7min,,,363,,
Kalkbrenner,2,kalkbrenner-2,17,kalkbrenner2.17,Ab,Major,8,M8,kalkbren2.8maj,,,364,,
Kalkbrenner,2,kalkbrenner-2,18,kalkbrenner2.18,G#,minor,8,m8,kalkbren2.8min,,,365,,
Kalkbrenner,2,kalkbrenner-2,19,kalkbrenner2.19,A,Major,9,M9,kalkbren2.9maj,,,366,,
Kalkbrenner,2,kalkbrenner-2,20,kalkbrenner2.20,A,minor,9,m9,kalkbren2.9min,,,367,,
Kalkbrenner,2,kalkbrenner-2,21,kalkbrenner2.21,Bb,Major,10,M10,kalkbren2.10maj,,,368,,
Kalkbrenner,2,kalkbrenner-2,22,kalkbrenner2.22,Bb,minor,10,m10,kalkbren2.10min,,,369,,
Kalkbrenner,2,kalkbrenner-2,23,kalkbrenner2.23,B,Major,11,M11,kalkbren2.11maj,,,370,,
Kalkbrenner,2,kalkbrenner-2,24,kalkbrenner2.24,B,minor,11,m11,kalkbren2.11min,,,371,0.375,
Kapustin,1,kapustin-1,1,kapustin1.1,C,Major,0,M0,kapustin1.0maj,,I,373,,
Kapustin,1,kapustin-1,2,kapustin1.2,A,minor,9,m9,kapustin1.9min,,II,374,,
Kapustin,1,kapustin-1,3,kapustin1.3,G,Major,7,M7,kapustin1.7maj,,III,375,,
Kapustin,1,kapustin-1,4,kapustin1.4,E,minor,4,m4,kapustin1.4min,,IV,376,,
Kapustin,1,kapustin-1,5,kapustin1.5,D,Major,2,M2,kapustin1.2maj,,V,377,0.25,
Kapustin,1,kapustin-1,6,kapustin1.6,B,minor,11,m11,kapustin1.11min,,VI,378,,
Kapustin,1,kapustin-1,7,kapustin1.7,A,Major,9,M9,kapustin1.9maj,,VII,379,,
Kapustin,1,kapustin-1,8,kapustin1.8,F#,minor,6,m6,kapustin1.6min,,VIII,380,,
Kapustin,1,kapustin-1,9,kapustin1.9,E,Major,4,M4,kapustin1.4maj,,IX,381,0.125,
Kapustin,1,kapustin-1,10,kapustin1.10,C#,minor,1,m1,kapustin1.1min,,X,382,,
Kapustin,1,kapustin-1,11,kapustin1.11,B,Major,11,M11,kapustin1.11maj,,XI,383,0.33,
Kapustin,1,kapustin-1,12,kapustin1.12,G#,minor,8,m8,kapustin1.8min,,XII,384,,
Kapustin,1,kapustin-1,13,kapustin1.13,Gb,Major,6,M6,kapustin1.6maj,,XIII,385,,
Kapustin,1,kapustin-1,14,kapustin1.14,Eb,minor,3,m3,kapustin1.3min,,XIV,386,0.0625,
Kapustin,1,kapustin-1,15,kapustin1.15,Db,Major,1,M1,kapustin1.1maj,,XV,387,,
Kapustin,1,kapustin-1,16,kapustin1.16,Bb,minor,10,m10,kapustin1.10min,,XVI,388,,
Kapustin,1,kapustin-1,17,kapustin1.17,Ab,Major,8,M8,kapustin1.8maj,,XVII,389,0.0625,
Kapustin,1,kapustin-1,18,kapustin1.18,F,minor,5,m5,kapustin1.5min,,XVIII,390,0.8333,
Kapustin,1,kapustin-1,19,kapustin1.19,Eb,Major,3,M3,kapustin1.3maj,,XIX,391,,
Kapustin,1,kapustin-1,20,kapustin1.20,C,minor,0,m0,kapustin1.0min,,XX,392,,
Kapustin,1,kapustin-1,21,kapustin1.21,Bb,Major,10,M10,kapustin1.10maj,,XXI,393,,
Kapustin,1,kapustin-1,22,kapustin1.22,G,minor,7,m7,kapustin1.7min,,XXII,394,,
Kapustin,1,kapustin-1,23,kapustin1.23,F,Major,5,M5,kapustin1.5maj,,XXIII,395,,
Kapustin,1,kapustin-1,24,kapustin1.24,Db,minor,1,m1,kapustin1.1min,,XXIV,396,0.125,
Rachmaninoff,1,rachmaninoff-1,1,rachmaninoff1.1,C#,minor,1,m1,rachmani1.1min,,,398,0.5,
Rachmaninoff,1,rachmaninoff-1,2,rachmaninoff1.2,F#,minor,6,m6,rachmani1.6min,,I,399,,
Rachmaninoff,1,rachmaninoff-1,3,rachmaninoff1.3,Bb,Major,10,M10,rachmani1.10maj,,II,400,,
Rachmaninoff,1,rachmaninoff-1,4,rachmaninoff1.4,D,minor,2,m2,rachmani1.2min,,III,401,,
Rachmaninoff,1,rachmaninoff-1,5,rachmaninoff1.5,D,Major,2,M2,rachmani1.2maj,,IV,402,,
Rachmaninoff,1,rachmaninoff-1,6,rachmaninoff1.6,G,minor,7,m7,rachmani1.7min,,V,403,,
Rachmaninoff,1,rachmaninoff-1,7,rachmaninoff1.7,Eb,Major,3,M3,rachmani1.3maj,,VI,404,,
Rachmaninoff,1,rachmaninoff-1,8,rachmaninoff1.8,C,Minor,0,M0,rachmani1.0min,,VII,405,,
Rachmaninoff,1,rachmaninoff-1,9,rachmaninoff1.9,Ab,Major,8,M8,rachmani1.8maj,,VIII,406,,
Rachmaninoff,1,rachmaninoff-1,10,rachmaninoff1.10,Eb,Minor,3,M3,rachmani1.3min,,IX,407,,
Rachmaninoff,1,rachmaninoff-1,11,rachmaninoff1.11,Gb,Major,6,M6,rachmani1.6maj,,X,408,,
Rachmaninoff,1,rachmaninoff-1,12,rachmaninoff1.12,C,Major,0,M0,rachmani1.0maj,,I,409,0.5?,
Rachmaninoff,1,rachmaninoff-1,13,rachmaninoff1.13,Bb,Minor,10,M10,rachmani1.10min,,II,410,0.33,
Rachmaninoff,1,rachmaninoff-1,14,rachmaninoff1.14,E,Major,4,M4,rachmani1.4maj,,III,411,0.125,
Rachmaninoff,1,rachmaninoff-1,15,rachmaninoff1.15,E,Minor,4,M4,rachmani1.4min,,IV,412,,
Rachmaninoff,1,rachmaninoff-1,16,rachmaninoff1.16,G,Major,7,M7,rachmani1.7maj,,V,413,,
Rachmaninoff,1,rachmaninoff-1,17,rachmaninoff1.17,F,Minor,5,M5,rachmani1.5min,,VI,414,0.5,
Rachmaninoff,1,rachmaninoff-1,18,rachmaninoff1.18,F,Major,5,M5,rachmani1.5maj,,VII,415,,
Rachmaninoff,1,rachmaninoff-1,19,rachmaninoff1.19,A,Minor,9,M9,rachmani1.9min,,VIII,416,,
Rachmaninoff,1,rachmaninoff-1,20,rachmaninoff1.20,A,Major,9,M9,rachmani1.9maj,,IX,417,0.1666666667,
Rachmaninoff,1,rachmaninoff-1,21,rachmaninoff1.21,B,minor,11,m11,rachmani1.11min,,X,418,,
Rachmaninoff,1,rachmaninoff-1,22,rachmaninoff1.22,B,Major,11,M11,rachmani1.11maj,,XI,419,0.3333333333,
Rachmaninoff,1,rachmaninoff-1,23,rachmaninoff1.23,G#,minor,8,m8,rachmani1.8min,,XII,420,,
Rachmaninoff,1,rachmaninoff-1,24,rachmaninoff1.24,Db,Major,1,M1,rachmani1.1maj,,XIII,421,,
Scriabin,1,scriabin-1,1,scriabin1.1,C,Major,0,M0,scriabin1.0maj,,,423,0.5,
Scriabin,1,scriabin-1,2,scriabin1.2,A,minor,9,m9,scriabin1.9min,,,424,,
Scriabin,1,scriabin-1,3,scriabin1.3,G,Major,7,M7,scriabin1.7maj,,,425,,
Scriabin,1,scriabin-1,4,scriabin1.4,E,minor,4,m4,scriabin1.4min,,,426,,
Scriabin,1,scriabin-1,5,scriabin1.5,D,Major,2,M2,scriabin1.2maj,,,427,,
Scriabin,1,scriabin-1,6,scriabin1.6,B,minor,11,m11,scriabin1.11min,,,428,,
Scriabin,1,scriabin-1,7,scriabin1.7,A,Major,9,M9,scriabin1.9maj,,,429,0.1666666667,
Scriabin,1,scriabin-1,8,scriabin1.8,F#,minor,6,m6,scriabin1.6min,,,430,,
Scriabin,1,scriabin-1,9,scriabin1.9,E,Major,4,M4,scriabin1.4maj,,,431,,
Scriabin,1,scriabin-1,10,scriabin1.10,C#,minor,1,m1,scriabin1.1min,,,432,,
Scriabin,1,scriabin-1,11,scriabin1.11,B,Major,11,M11,scriabin1.11maj,,,433,,
Scriabin,1,scriabin-1,12,scriabin1.12,G#,minor,8,m8,scriabin1.8min,,,434,0.6666666667,
Scriabin,1,scriabin-1,13,scriabin1.13,Gb,Major,6,M6,scriabin1.6maj,,,435,,
Scriabin,1,scriabin-1,14,scriabin1.14,Eb,minor,3,m3,scriabin1.3min,,,436,0.06666666667,
Scriabin,1,scriabin-1,15,scriabin1.15,Db,Major,1,M1,scriabin1.1maj,,,437,,
Scriabin,1,scriabin-1,16,scriabin1.16,Bb,minor,10,m10,scriabin1.10min,,,438,0.225,Time sig alternates between 5/8 and 4/8 (pick up is 1/8)
Scriabin,1,scriabin-1,17,scriabin1.17,Ab,Major,8,M8,scriabin1.8maj,,,439,,
Scriabin,1,scriabin-1,18,scriabin1.18,F,minor,5,m5,scriabin1.5min,,,440,0.375,
Scriabin,1,scriabin-1,19,scriabin1.19,Eb,Major,3,M3,scriabin1.3maj,,,441,0.0625,
Scriabin,1,scriabin-1,20,scriabin1.20,C,minor,0,m0,scriabin1.0min,,,442,0.375,
Scriabin,1,scriabin-1,21,scriabin1.21,Bb,Major,10,M10,scriabin1.10maj,,,443,,
Scriabin,1,scriabin-1,22,scriabin1.22,G,minor,7,m7,scriabin1.7min,,,444,,
Scriabin,1,scriabin-1,23,scriabin1.23,F,Major,5,M5,scriabin1.5maj,,,445,,
Scriabin,1,scriabin-1,24,scriabin1.24,D,minor,2,m2,scriabin1.2min,,,446,0.3666666667,Time signature alternates between 6/8 and 5/8 (pick up is a quarter note)
Shostakovich,1,shostakovich-1,1,shostakovich1.1,C,Major,0,M0,shostako1.0maj,,,448,,
Shostakovich,1,shostakovich-1,2,shostakovich1.2,A,minor,9,m9,shostako1.9min,,,449,,
Shostakovich,1,shostakovich-1,3,shostakovich1.3,G,Major,7,M7,shostako1.7maj,,,450,,
Shostakovich,1,shostakovich-1,4,shostakovich1.4,E,minor,4,m4,shostako1.4min,,,451,,
Shostakovich,1,shostakovich-1,5,shostakovich1.5,D,Major,2,M2,shostako1.2maj,,,452,,
Shostakovich,1,shostakovich-1,6,shostakovich1.6,B,minor,11,m11,shostako1.11min,,,453,,
Shostakovich,1,shostakovich-1,7,shostakovich1.7,A,Major,9,M9,shostako1.9maj,,,454,,
Shostakovich,1,shostakovich-1,8,shostakovich1.8,F#,minor,6,m6,shostako1.6min,,,455,,
Shostakovich,1,shostakovich-1,9,shostakovich1.9,E,Major,4,M4,shostako1.4maj,,,456,,
Shostakovich,1,shostakovich-1,10,shostakovich1.10,C#,minor,1,m1,shostako1.1min,,,457,0.5,
Shostakovich,1,shostakovich-1,11,shostakovich1.11,B,Major,11,M11,shostako1.11maj,,,458,,
Shostakovich,1,shostakovich-1,12,shostakovich1.12,G#,minor,8,m8,shostako1.8min,,,459,,
Shostakovich,1,shostakovich-1,13,shostakovich1.13,F#,Major,6,M6,shostako1.6maj,,,460,,
Shostakovich,1,shostakovich-1,14,shostakovich1.14,Eb,minor,3,m3,shostako1.3min,,,461,,
Shostakovich,1,shostakovich-1,15,shostakovich1.15,Db,Major,1,M1,shostako1.1maj,,,462,,
Shostakovich,1,shostakovich-1,16,shostakovich1.16,Bb,minor,10,m10,shostako1.10min,,,463,0.5,
Shostakovich,1,shostakovich-1,17,shostakovich1.17,Ab,Major,8,M8,shostako1.8maj,,,464,,
Shostakovich,1,shostakovich-1,18,shostakovich1.18,F,minor,5,m5,shostako1.5min,,,465,0.5,
Shostakovich,1,shostakovich-1,19,shostakovich1.19,Eb,Major,3,M3,shostako1.3maj,,,466,,
Shostakovich,1,shostakovich-1,20,shostakovich1.20,C,minor,0,m0,shostako1.0min,,,467,,
Shostakovich,1,shostakovich-1,21,shostakovich1.21,Bb,Major,10,M10,shostako1.10maj,,,468,,
Shostakovich,1,shostakovich-1,22,shostakovich1.22,G,minor,7,m7,shostako1.7min,,,469,,
Shostakovich,1,shostakovich-1,23,shostakovich1.23,F,Major,5,M5,shostako1.5maj,,,470,,
Shostakovich,1,shostakovich-1,24,shostakovich1.24,D,minor,2,m2,shostako1.2min,,,471,,
Shostakovich,2,shostakovich-2,1,shostakovich2.1,C,Major,0,M0,shostako2.0maj,,,473,,
Shostakovich,2,shostakovich-2,2,shostakovich2.2,A,minor,9,m9,shostako2.9min,,,474,,
Shostakovich,2,shostakovich-2,3,shostakovich2.3,G,Major,7,M7,shostako2.7maj,,,475,,
Shostakovich,2,shostakovich-2,4,shostakovich2.4,E,minor,4,m4,shostako2.4min,,,476,,
Shostakovich,2,shostakovich-2,5,shostakovich2.5,D,Major,2,M2,shostako2.2maj,,,477,,
Shostakovich,2,shostakovich-2,6,shostakovich2.6,B,minor,11,m11,shostako2.11min,,,478,,
Shostakovich,2,shostakovich-2,7,shostakovich2.7,A,Major,9,M9,shostako2.9maj,,,479,,
Shostakovich,2,shostakovich-2,8,shostakovich2.8,F#,minor,6,m6,shostako2.6min,,,480,,
Shostakovich,2,shostakovich-2,9,shostakovich2.9,E,Major,4,M4,shostako2.4maj,,,481,,
Shostakovich,2,shostakovich-2,10,shostakovich2.10,C#,minor,1,m1,shostako2.1min,,,482,,
Shostakovich,2,shostakovich-2,11,shostakovich2.11,B,Major,11,M11,shostako2.11maj,,,483,,
Shostakovich,2,shostakovich-2,12,shostakovich2.12,G#,minor,8,m8,shostako2.8min,,,484,,
Shostakovich,2,shostakovich-2,13,shostakovich2.13,F#,Major,6,M6,shostako2.6maj,,,485,,
Shostakovich,2,shostakovich-2,14,shostakovich2.14,Eb,minor,3,m3,shostako2.3min,,,486,,
Shostakovich,2,shostakovich-2,15,shostakovich2.15,Db,Major,1,M1,shostako2.1maj,,,487,,
Shostakovich,2,shostakovich-2,16,shostakovich2.16,Bb,minor,10,m10,shostako2.10min,,,488,,
Shostakovich,2,shostakovich-2,17,shostakovich2.17,Ab,Major,8,M8,shostako2.8maj,,,489,,
Shostakovich,2,shostakovich-2,18,shostakovich2.18,F,minor,5,m5,shostako2.5min,,,490,,
Shostakovich,2,shostakovich-2,19,shostakovich2.19,Eb,Major,3,M3,shostako2.3maj,,,491,,
Shostakovich,2,shostakovich-2,20,shostakovich2.20,C,minor,0,m0,shostako2.0min,,,492,,
Shostakovich,2,shostakovich-2,21,shostakovich2.21,Bb,Major,10,M10,shostako2.10maj,,,493,,
Shostakovich,2,shostakovich-2,22,shostakovich2.22,G,minor,7,m7,shostako2.7min,,,494,,
Shostakovich,2,shostakovich-2,23,shostakovich2.23,F,Major,5,M5,shostako2.5maj,,,495,,
Shostakovich,2,shostakovich-2,24,shostakovich2.24,Db,minor,1,m1,shostako2.1min,,,496,,
Clementi,3,clementi-3,1,clementi3.1,C,Major,0,M0,clementi3.0maj,,16,,,
Clementi,3,clementi-3,2,clementi3.2,A,minor,9,m9,clementi3.9min,,19,,,
Clementi,3,clementi-3,3,clementi3.3,G,Major,7,M7,clementi3.7maj,,50,,,
Clementi,3,clementi-3,4,clementi3.4,E,minor,4,m4,clementi3.4min,,30,,,
Clementi,3,clementi-3,5,clementi3.5,D,Major,2,M2,clementi3.2maj,,20,,,
Clementi,3,clementi-3,6,clementi3.6,B,minor,11,m11,clementi3.11min,,99,,,
Clementi,3,clementi-3,7,clementi3.7,A,Major,9,M9,clementi3.9maj,,9,,,
Clementi,3,clementi-3,8,clementi3.8,F#,minor,6,m6,clementi3.6min,,24,,,
Clementi,3,clementi-3,9,clementi3.9,E,Major,4,M4,clementi3.4maj,,71,,,
Clementi,3,clementi-3,10,clementi3.10,B,Major,11,M11,clementi3.11maj,,92,,,
Clementi,3,clementi-3,11,clementi3.11,Gb,Major,6,M6,clementi3.6maj,,59,,,
Clementi,3,clementi-3,12,clementi3.12,Eb,minor,3,m3,clementi3.3min,,60,,,
Clementi,3,clementi-3,13,clementi3.13,Bb,minor,10,m10,clementi3.10min,,56,,,
Clementi,3,clementi-3,14,clementi3.14,Ab,Major,8,M8,clementi3.8maj,,22,,,
Clementi,3,clementi-3,15,clementi3.15,F,minor,5,m5,clementi3.5min,,44,,,
Clementi,3,clementi-3,16,clementi3.16,Eb,Major,3,M3,clementi3.3maj,,21,,,
Clementi,3,clementi-3,17,clementi3.17,C,minor,0,m0,clementi3.0min,,46,,0.5,
Clementi,3,clementi-3,18,clementi3.18,Bb,Major,10,M10,clementi3.10maj,,47,,0.75,
Clementi,3,clementi-3,19,clementi3.19,G,minor,7,m7,clementi3.7min,,79,,,
Clementi,3,clementi-3,20,clementi3.20,F#,Major,6,M6,clementi3.6maj,,1,,,
Clementi,3,clementi-3,21,clementi3.21,D,minor,2,m2,clementi3.2min,,85,,,
Clementi,3,clementi-3,22,clementi3.22,G,minor,7,m7,clementi3.7min,,48,,,
Clementi,3,clementi-3,23,clementi3.23,A,Major,9,M9,clementi3.9maj,,36,,,
Clementi,3,clementi-3,24,clementi3.24,D,minor,2,m2,clementi3.2min,,55,,,
Bach,2,bach-2,1,bach2.1,C,Major,0,M0,bach2.0maj,,Fuga I,,,
Bach,2,bach-2,2,bach2.2,C,minor,0,m0,bach2.0min,,Fuga II,,,
Bach,2,bach-2,3,bach2.3,C#,Major,1,M1,bach2.1maj,,Fuga III,,,
Bach,2,bach-2,4,bach2.4,C#,minor,1,m1,bach2.1min,,Fuga IV,,,
Bach,2,bach-2,5,bach2.5,D,Major,2,M2,bach2.2maj,,Fuga V,,,
Bach,2,bach-2,6,bach2.6,D,minor,2,m2,bach2.2min,,Fuga VI,,,
Bach,2,bach-2,7,bach2.7,Eb,Major,3,M3,bach2.3maj,,Fuga VII,,,
Bach,2,bach-2,8,bach2.8,D#,minor,3,m3,bach2.3min,,Fuga VIII,,,
Bach,2,bach-2,9,bach2.9,E,Major,4,M4,bach2.4maj,,Fuga IX,,,
Bach,2,bach-2,10,bach2.10,E,minor,4,m4,bach2.4min,,Fuga X,,,
Bach,2,bach-2,11,bach2.11,F,Major,5,M5,bach2.5maj,,Fuga XI,,,
Bach,2,bach-2,12,bach2.12,F,minor,5,m5,bach2.5min,,Fuga XII,,,
Bach,2,bach-2,13,bach2.13,F#,Major,6,M6,bach2.6maj,,Fuga XIII,,,
Bach,2,bach-2,14,bach2.14,F#,minor,6,m6,bach2.6min,,Fuga XIV,,,
Bach,2,bach-2,15,bach2.15,G,Major,7,M7,bach2.7maj,,Fuga XV,,,
Bach,2,bach-2,16,bach2.16,G,minor,7,m7,bach2.7min,,Fuga XVI,,,
Bach,2,bach-2,17,bach2.17,Ab,Major,8,M8,bach2.8maj,,Fuga XVI,,,
Bach,2,bach-2,18,bach2.18,G#,minor,8,m8,bach2.8min,,Fuga XVIII,,,
Bach,2,bach-2,19,bach2.19,A,Major,9,M9,bach2.9maj,,Fuga XIX,,,
Bach,2,bach-2,20,bach2.20,A,minor,9,m9,bach2.9min,,Fuga XX,,,
Bach,2,bach-2,21,bach2.21,Bb,Major,10,M10,bach2.10maj,,Fuga XXI,,,
Bach,2,bach-2,22,bach2.22,Bb,minor,10,m10,bach2.10min,,Fuga XXII,,,
Bach,2,bach-2,23,bach2.23,B,Major,11,M11,bach2.11maj,,Fuga XIII,,,
Bach,2,bach-2,24,bach2.24,B,minor,11,m11,bach2.11min,,Fuga XXIV,,,
Bach,4,bach-4,1,bach4.1,C,Major,0,M0,bach4.0maj,,,,,
Bach,4,bach-4,2,bach4.2,C,minor,0,m0,bach4.0min,,,,,
Bach,4,bach-4,3,bach4.3,C#,Major,1,M1,bach4.1maj,,,,,
Bach,4,bach-4,4,bach4.4,C#,minor,1,m1,bach4.1min,,,,,
Bach,4,bach-4,5,bach4.5,D,Major,2,M2,bach4.2maj,,,,,
Bach,4,bach-4,6,bach4.6,D,minor,2,m2,bach4.2min,,,,,
Bach,4,bach-4,7,bach4.7,Eb,Major,3,M3,bach4.3maj,,,,,
Bach,4,bach-4,8,bach4.8,Eb,minor,3,m3,bach4.3min,,,,,
Bach,4,bach-4,9,bach4.9,E,Major,4,M4,bach4.4maj,,,,,
Bach,4,bach-4,10,bach4.10,E,minor,4,m4,bach4.4min,,,,,
Bach,4,bach-4,11,bach4.11,F,Major,5,M5,bach4.5maj,,,,,
Bach,4,bach-4,12,bach4.12,F,minor,5,m5,bach4.5min,,,,,
Bach,4,bach-4,13,bach4.13,F#,Major,6,M6,bach4.6maj,,,,,
Bach,4,bach-4,14,bach4.14,F#,minor,6,m6,bach4.6min,,,,,
Bach,4,bach-4,15,bach4.15,G,Major,7,M7,bach4.7maj,,,,,
Bach,4,bach-4,16,bach4.16,G,minor,7,m7,bach4.7min,,,,,
Bach,4,bach-4,17,bach4.17,Ab,Major,8,M8,bach4.8maj,,,,,
Bach,4,bach-4,18,bach4.18,G#,minor,8,m8,bach4.8min,,,,,
Bach,4,bach-4,19,bach4.19,A,Major,9,M9,bach4.9maj,,,,,
Bach,4,bach-4,20,bach4.20,A,minor,9,m9,bach4.9min,,,,,
Bach,4,bach-4,21,bach4.21,Bb,Major,10,M10,bach4.10maj,,,,,
Bach,4,bach-4,22,bach4.22,Bb,minor,10,m10,bach4.10min,,,,,1
Bach,4,bach-4,23,bach4.23,B,Major,11,M11,bach4.11maj,,,,,
Bach,4,bach-4,24,bach4.24,B,minor,11,m11,bach4.11min,,,,,
Heller,1,heller-1,1,heller1.1,C,Major,0,M0,heller1.0maj,,,,,
Heller,1,heller-1,2,heller1.2,A,minor,9,m9,heller1.9min,,,,,
Heller,1,heller-1,3,heller1.3,G,Major,7,M7,heller1.7maj,,,,,
Heller,1,heller-1,4,heller1.4,E,minor,4,m4,heller1.4min,,,,,
Heller,1,heller-1,5,heller1.5,D,Major,2,M2,heller1.2maj,,,,,
Heller,1,heller-1,6,heller1.6,B,minor,11,m11,heller1.11min,,,,,
Heller,1,heller-1,7,heller1.7,A,Major,9,M9,heller1.9maj,,,,,
Heller,1,heller-1,8,heller1.8,F#,minor,6,m6,heller1.6min,,,,,
Heller,1,heller-1,9,heller1.9,E,Major,4,M4,heller1.4maj,,,,,
Heller,1,heller-1,10,heller1.10,C#,minor,1,m1,heller1.1min,,,,,
Heller,1,heller-1,11,heller1.11,B,Major,11,M11,heller1.11maj,,,,,
Heller,1,heller-1,12,heller1.12,G#,minor,8,m8,heller1.8min,,,,,
Heller,1,heller-1,13,heller1.13,Gb,Major,6,M6,heller1.6maj,,,,,
Heller,1,heller-1,14,heller1.14,Eb,minor,3,m3,heller1.3min,,,,,
Heller,1,heller-1,15,heller1.15,Db,Major,1,M1,heller1.1maj,,,,,
Heller,1,heller-1,16,heller1.16,Bb,minor,10,m10,heller1.10min,,,,,
Heller,1,heller-1,17,heller1.17,Ab,Major,8,M8,heller1.8maj,,,,,
Heller,1,heller-1,18,heller1.18,F,minor,5,m5,heller1.5min,,,,,
Heller,1,heller-1,19,heller1.19,Eb,Major,3,M3,heller1.3maj,,,,,
Heller,1,heller-1,20,heller1.20,C,minor,0,m0,heller1.0min,,,,,
Heller,1,heller-1,21,heller1.21,Bb,Major,10,M10,heller1.10maj,,,,,
Heller,1,heller-1,22,heller1.22,G,minor,7,m7,heller1.7min,,,,,
Heller,1,heller-1,23,heller1.23,F,Major,5,M5,heller1.5maj,,,,,
Heller,1,heller-1,24,heller1.24,Db,minor,1,m1,heller1.1min,,,,,
Palmgren,1,palmgren-1,1,palmgren1.1,E,minor,4,m4,palmgren1.4min,,Kansan tapaan (In Folk style),,,
Palmgren,1,palmgren-1,2,palmgren1.2,A,Major,9,M9,palmgren1.9maj,,,,,
Palmgren,1,palmgren-1,3,palmgren1.3,E,Major,4,M4,palmgren1.4maj,,,,,
Palmgren,1,palmgren-1,4,palmgren1.4,C#,minor,1,m1,palmgren1.1min,,,,,
Palmgren,1,palmgren-1,5,palmgren1.5,G,Major,7,M7,palmgren1.7maj,,,,,
Palmgren,1,palmgren-1,6,palmgren1.6,G,minor,7,m7,palmgren1.7min,,Sarabande,,,
Palmgren,1,palmgren-1,7,palmgren1.7,D,Major,2,M2,palmgren1.2maj,,,,,
Palmgren,1,palmgren-1,8,palmgren1.8,B,minor,11,m11,palmgren1.11min,,,,,
Palmgren,1,palmgren-1,9,palmgren1.9,G#,minor,8,m8,palmgren1.8min,,Kehtolaulu (Cradle song),,,
Palmgren,1,palmgren-1,10,palmgren1.10,Ab,Major,8,M8,palmgren1.8maj,,Kansan tapaan (In Folk Style),,,
Palmgren,1,palmgren-1,11,palmgren1.11,C,Major,0,M0,palmgren1.0maj,,Unikuva (Dream Picture),,,
Palmgren,1,palmgren-1,12,palmgren1.12,Ab,minor,8,m8,palmgren1.8min,,Meri (The Sea),,,
Palmgren,1,palmgren-1,13,palmgren1.13,B,Major,11,M11,palmgren1.11maj,,,,,
Palmgren,1,palmgren-1,14,palmgren1.14,D,minor,2,m2,palmgren1.2min,,,,,
Palmgren,1,palmgren-1,15,palmgren1.15,Bb,Major,10,M10,palmgren1.10maj,,Piiritanssi (Round Dance),,,
Palmgren,1,palmgren-1,16,palmgren1.16,F,Major,5,M5,palmgren1.5maj,,,,,
Palmgren,1,palmgren-1,17,palmgren1.17,F,minor,5,m5,palmgren1.5min,,,,,
Palmgren,1,palmgren-1,18,palmgren1.18,F#,minor,6,m6,palmgren1.6min,,Duo,,,
Palmgren,1,palmgren-1,19,palmgren1.19,F#,Major,6,M6,palmgren1.6maj,,Linnunlaulua,,,
Palmgren,1,palmgren-1,20,palmgren1.20,Eb,Major,3,M3,palmgren1.3maj,,In Memoriam,,,
Palmgren,1,palmgren-1,21,palmgren1.21,C,minor,0,m0,palmgren1.0min,,,,,
Palmgren,1,palmgren-1,22,palmgren1.22,Eb,minor,3,m3,palmgren1.3min,,,,,
Palmgren,1,palmgren-1,23,palmgren1.23,Bb,minor,10,m10,palmgren1.10min,,Venezia,,,
Palmgren,1,palmgren-1,24,palmgren1.24,Db,Major,1,M1,palmgren1.1maj,,Sota (War),,,
Shostakovich,3,shostakovich-3,1,shostakovich3.1,C,Major,0,M0,shostako3.0maj,,Fugue 1,,,
Shostakovich,3,shostakovich-3,2,shostakovich3.2,A,minor,9,m9,shostako3.9min,,Fugue 2,,,
Shostakovich,3,shostakovich-3,3,shostakovich3.3,G,Major,7,M7,shostako3.7maj,,Fugue 3,,,
Shostakovich,3,shostakovich-3,4,shostakovich3.4,E,minor,4,m4,shostako3.4min,,Fugue 4,,,
Shostakovich,3,shostakovich-3,5,shostakovich3.5,D,Major,2,M2,shostako3.2maj,,Fugue 5,,,
Shostakovich,3,shostakovich-3,6,shostakovich3.6,B,minor,11,m11,shostako3.11min,,Fugue 6,,,
Shostakovich,3,shostakovich-3,7,shostakovich3.7,A,Major,9,M9,shostako3.9maj,,Fugue 7,,,
Shostakovich,3,shostakovich-3,8,shostakovich3.8,F#,minor,6,m6,shostako3.6min,,Fugue 8,,,
Shostakovich,3,shostakovich-3,9,shostakovich3.9,E,Major,4,M4,shostako3.4maj,,Fugue 9,,,
Shostakovich,3,shostakovich-3,10,shostakovich3.10,C#,minor,1,m1,shostako3.1min,,Fugue 10,,,
Shostakovich,3,shostakovich-3,11,shostakovich3.11,B,Major,11,M11,shostako3.11maj,,Fugue 11,,,
Shostakovich,3,shostakovich-3,12,shostakovich3.12,G#,minor,8,m8,shostako3.8min,,Fugue 12,,,
Shostakovich,3,shostakovich-3,13,shostakovich3.13,F#,Major,6,M6,shostako3.6maj,,Fugue 13,,,
Shostakovich,3,shostakovich-3,14,shostakovich3.14,Eb,minor,3,m3,shostako3.3min,,Fugue 14,,,
Shostakovich,3,shostakovich-3,15,shostakovich3.15,Db,Major,1,M1,shostako3.1maj,,Fugue 15,,,
Shostakovich,3,shostakovich-3,16,shostakovich3.16,Bb,minor,10,m10,shostako3.10min,,Fugue 16,,,
Shostakovich,3,shostakovich-3,17,shostakovich3.17,Ab,Major,8,M8,shostako3.8maj,,Fugue 17,,,
Shostakovich,3,shostakovich-3,18,shostakovich3.18,F,minor,5,m5,shostako3.5min,,Fugue 18,,,
Shostakovich,3,shostakovich-3,19,shostakovich3.19,Eb,Major,3,M3,shostako3.3maj,,Fugue 19,,,
Shostakovich,3,shostakovich-3,20,shostakovich3.20,C,minor,0,m0,shostako3.0min,,Fugue 20,,,
Shostakovich,3,shostakovich-3,21,shostakovich3.21,Bb,Major,10,M10,shostako3.10maj,,Fugue 21,,,
Shostakovich,3,shostakovich-3,22,shostakovich3.22,G,minor,7,m7,shostako3.7min,,Fugue 22,,,
Shostakovich,3,shostakovich-3,23,shostakovich3.23,F,Major,5,M5,shostako3.5maj,,Fugue 23,,,
Shostakovich,3,shostakovich-3,24,shostakovich3.24,Db,minor,1,m1,shostako3.1min,,Fugue 24,,,
Kabalevsky,1,kabalevsky-1,1,kabalevsky1.1,C,Major,0,M0,kabalevs1.0maj,,1,,,
Kabalevsky,1,kabalevsky-1,2,kabalevsky1.2,A,minor,9,m9,kabalevs1.9min,,2,,,
Kabalevsky,1,kabalevsky-1,3,kabalevsky1.3,G,Major,7,M7,kabalevs1.7maj,,3,,,
Kabalevsky,1,kabalevsky-1,4,kabalevsky1.4,E,minor,4,m4,kabalevs1.4min,,4,,,
Kabalevsky,1,kabalevsky-1,5,kabalevsky1.5,D,Major,2,M2,kabalevs1.2maj,,5,,,
Kabalevsky,1,kabalevsky-1,6,kabalevsky1.6,B,minor,11,m11,kabalevs1.11min,,6,,,
Kabalevsky,1,kabalevsky-1,7,kabalevsky1.7,A,Major,9,M9,kabalevs1.9maj,,7,,,
Kabalevsky,1,kabalevsky-1,8,kabalevsky1.8,F#,minor,6,m6,kabalevs1.6min,,8,,,
Kabalevsky,1,kabalevsky-1,9,kabalevsky1.9,E,Major,4,M4,kabalevs1.4maj,,9,,,
Kabalevsky,1,kabalevsky-1,10,kabalevsky1.10,C#,minor,1,m1,kabalevs1.1min,,10,,,
Kabalevsky,1,kabalevsky-1,11,kabalevsky1.11,B,Major,11,M11,kabalevs1.11maj,,11,,,
Kabalevsky,1,kabalevsky-1,12,kabalevsky1.12,G#,minor,8,m8,kabalevs1.8min,,12,,,
Kabalevsky,1,kabalevsky-1,13,kabalevsky1.13,F#,Major,6,M6,kabalevs1.6maj,,13,,,
Kabalevsky,1,kabalevsky-1,14,kabalevsky1.14,Eb,minor,3,m3,kabalevs1.3min,,14,,,
Kabalevsky,1,kabalevsky-1,15,kabalevsky1.15,Db,Major,1,M1,kabalevs1.1maj,,15,,,
Kabalevsky,1,kabalevsky-1,16,kabalevsky1.16,Bb,minor,10,m10,kabalevs1.10min,,16,,,
Kabalevsky,1,kabalevsky-1,17,kabalevsky1.17,Ab,Major,8,M8,kabalevs1.8maj,,17,,,
Kabalevsky,1,kabalevsky-1,18,kabalevsky1.18,F,minor,5,m5,kabalevs1.5min,,18,,,
Kabalevsky,1,kabalevsky-1,19,kabalevsky1.19,Eb,Major,3,M3,kabalevs1.3maj,,19,,,
Kabalevsky,1,kabalevsky-1,20,kabalevsky1.20,C,minor,0,m0,kabalevs1.0min,,20,,,
Kabalevsky,1,kabalevsky-1,21,kabalevsky1.21,Bb,Major,10,M10,kabalevs1.10maj,,21,,,
Kabalevsky,1,kabalevsky-1,22,kabalevsky1.22,G,minor,7,m7,kabalevs1.7min,,22,,,
Kabalevsky,1,kabalevsky-1,23,kabalevsky1.23,F,Major,5,M5,kabalevs1.5maj,,23,,,
Kabalevsky,1,kabalevsky-1,24,kabalevsky1.24,Db,minor,1,m1,kabalevs1.1min,,24,,,
Kessler,1,kessler-1,1,kessler1.1,C,Major,0,M0,kessler1.0maj,,1,,,
Kessler,1,kessler-1,2,kessler1.2,A,minor,9,m9,kessler1.9min,,2,,,
Kessler,1,kessler-1,3,kessler1.3,F,Major,5,M5,kessler1.5maj,,3,,,
Kessler,1,kessler-1,4,kessler1.4,D,minor,2,m2,kessler1.2min,,4,,,
Kessler,1,kessler-1,5,kessler1.5,Bb,Major,10,M10,kessler1.10maj,,5,,,
Kessler,1,kessler-1,6,kessler1.6,G,minor,7,m7,kessler1.7min,,6,,,
Kessler,1,kessler-1,7,kessler1.7,Eb,Major,3,M3,kessler1.3maj,,7,,,
Kessler,1,kessler-1,8,kessler1.8,C,minor,0,m0,kessler1.0min,,8,,,
Kessler,1,kessler-1,9,kessler1.9,Ab,Major,8,M8,kessler1.8maj,,9,,,
Kessler,1,kessler-1,10,kessler1.10,F,minor,5,m5,kessler1.5min,,10,,,
Kessler,1,kessler-1,11,kessler1.11,Db,Major,1,M1,kessler1.1maj,,11,,,
Kessler,1,kessler-1,12,kessler1.12,Bb,minor,10,m10,kessler1.10min,,12,,,
Kessler,1,kessler-1,13,kessler1.13,F#,Major,6,M6,kessler1.6maj,,13,,,
Kessler,1,kessler-1,14,kessler1.14,Eb,minor,3,m3,kessler1.3min,,14,,,
Kessler,1,kessler-1,15,kessler1.15,B,Major,11,M11,kessler1.11maj,,15,,,
Kessler,1,kessler-1,16,kessler1.16,G#,minor,8,m8,kessler1.8min,,16,,,
Kessler,1,kessler-1,17,kessler1.17,E,Major,4,M4,kessler1.4maj,,17,,0.1666666667,
Kessler,1,kessler-1,18,kessler1.18,C#,minor,1,m1,kessler1.1min,,18,,,
Kessler,1,kessler-1,19,kessler1.19,A,Major,9,M9,kessler1.9maj,,19,,,
Kessler,1,kessler-1,20,kessler1.20,F#,minor,6,m6,kessler1.6min,,20,,,
Kessler,1,kessler-1,21,kessler1.21,D,Major,2,M2,kessler1.2maj,,21,,,
Kessler,1,kessler-1,22,kessler1.22,B,minor,11,m11,kessler1.11min,,22,,,
Kessler,1,kessler-1,23,kessler1.23,G,Major,7,M7,kessler1.7maj,,23,,,
Kessler,1,kessler-1,24,kessler1.24,E,minor,4,m4,kessler1.4min,,24,,,
Kessler,2,kessler-2,1,kessler2.1,F#,Major,6,M6,kessler2.6maj,,1,,,
Kessler,2,kessler-2,2,kessler2.2,E,minor,4,m4,kessler2.4min,,2,,,
Kessler,2,kessler-2,3,kessler2.3,Bb,Major,10,M10,kessler2.10maj,,3,,,
Kessler,2,kessler-2,4,kessler2.4,C,Major,0,M0,kessler2.0maj,,4,,,
Kessler,2,kessler-2,5,kessler2.5,Eb,Major,3,M3,kessler2.3maj,,5,,,
Kessler,2,kessler-2,6,kessler2.6,Ab,Major,8,M8,kessler2.8maj,,6,,,
Kessler,2,kessler-2,7,kessler2.7,Db,Major,1,M1,kessler2.1maj,,7,,,
Kessler,2,kessler-2,8,kessler2.8,C,minor,0,m0,kessler2.0min,,8,,,
Kessler,2,kessler-2,9,kessler2.9,D,Major,2,M2,kessler2.2maj,,9,,,
Kessler,2,kessler-2,10,kessler2.10,F,Major,5,M5,kessler2.5maj,,10,,,
Kessler,2,kessler-2,11,kessler2.11,A,minor,9,m9,kessler2.9min,,11,,,
Kessler,2,kessler-2,12,kessler2.12,D,minor,2,m2,kessler2.2min,,12,,,
Kessler,2,kessler-2,13,kessler2.13,F,minor,5,m5,kessler2.5min,,13,,,
Kessler,2,kessler-2,14,kessler2.14,A,Major,9,M9,kessler2.9maj,,14,,,
Kessler,2,kessler-2,15,kessler2.15,F#,minor,6,m6,kessler2.6min,,15,,,
Kessler,2,kessler-2,16,kessler2.16,G,Major,7,M7,kessler2.7maj,,16,,,
Kessler,2,kessler-2,17,kessler2.17,B,minor,11,m11,kessler2.11min,,17,,,
Kessler,2,kessler-2,18,kessler2.18,G,minor,7,m7,kessler2.7min,,18,,,
Kessler,2,kessler-2,19,kessler2.19,E,Major,4,M4,kessler2.4maj,,19,,,
Kessler,2,kessler-2,20,kessler2.20,C#,minor,1,m1,kessler2.1min,,20,,,
Kessler,2,kessler-2,21,kessler2.21,Eb,minor,3,m3,kessler2.3min,,21,,,
Kessler,2,kessler-2,22,kessler2.22,B,Major,11,M11,kessler2.11maj,,22,,,
Kessler,2,kessler-2,23,kessler2.23,Bb,minor,10,m10,kessler2.10min,,23,,,
Kessler,2,kessler-2,24,kessler2.24,G#,minor,8,m8,kessler2.8min,,24,,,
Kapustin,3,kapustin-3,1,kapustin3.1,C,Major,0,M0,kapustin3.0maj,,1,,,
Kapustin,3,kapustin-3,2,kapustin3.2,B,Major,11,M11,kapustin3.11maj,,2,,,
Kapustin,3,kapustin-3,3,kapustin3.3,F,Major,5,M5,kapustin3.5maj,,3,,,
Kapustin,3,kapustin-3,4,kapustin3.4,C#,minor,1,m1,kapustin3.1min,,4,,,
Kapustin,3,kapustin-3,5,kapustin3.5,Bb,Major,10,M10,kapustin3.10maj,,5,,,
Kapustin,3,kapustin-3,6,kapustin3.6,F#,minor,6,m6,kapustin3.6min,,6,,,
Kapustin,3,kapustin-3,7,kapustin3.7,Eb,Major,3,M3,kapustin3.3maj,,7,,,
Kapustin,3,kapustin-3,8,kapustin3.8,B,minor,11,m11,kapustin3.11min,,8,,,
Kapustin,3,kapustin-3,9,kapustin3.9,Ab,Major,8,M8,kapustin3.8maj,,9,,,
Kapustin,3,kapustin-3,10,kapustin3.10,E,minor,4,m4,kapustin3.4min,,10,,,
Kapustin,3,kapustin-3,11,kapustin3.11,Db,Major,1,M1,kapustin3.1maj,,11,,,
Kapustin,3,kapustin-3,12,kapustin3.12,A,minor,9,m9,kapustin3.9min,,12,,,
Kapustin,3,kapustin-3,13,kapustin3.13,Gb,Major,6,M6,kapustin3.6maj,,13,,,
Kapustin,3,kapustin-3,14,kapustin3.14,D,minor,2,m2,kapustin3.2min,,14,,,
Kapustin,3,kapustin-3,15,kapustin3.15,B,Major,11,M11,kapustin3.11maj,,15,,,
Kapustin,3,kapustin-3,16,kapustin3.16,G,minor,7,m7,kapustin3.7min,,16,,,
Kapustin,3,kapustin-3,17,kapustin3.17,E,Major,4,M4,kapustin3.4maj,,17,,,
Kapustin,3,kapustin-3,18,kapustin3.18,C,minor,0,m0,kapustin3.0min,,18,,,
Kapustin,3,kapustin-3,19,kapustin3.19,A,Major,9,M9,kapustin3.9maj,,19,,,
Kapustin,3,kapustin-3,20,kapustin3.20,F,minor,5,m5,kapustin3.5min,,20,,,
Kapustin,3,kapustin-3,21,kapustin3.21,D,Major,2,M2,kapustin3.2maj,,21,,,
Kapustin,3,kapustin-3,22,kapustin3.22,Bb,minor,10,m10,kapustin3.10min,,22,,,
Kapustin,3,kapustin-3,23,kapustin3.23,G,Major,7,M7,kapustin3.7maj,,23,,,
Kapustin,3,kapustin-3,24,kapustin3.24,Gb,Major,6,M6,kapustin3.6maj,,24,,,
Madsen ,1,madsen -1,1,madsen 1.1,,,#N/A,#N/A,#N/A,,1,,,
Madsen ,1,madsen -1,2,madsen 1.2,,,#N/A,#N/A,#N/A,,2,,,
Madsen ,1,madsen -1,3,madsen 1.3,,,#N/A,#N/A,#N/A,,3,,,
Madsen ,1,madsen -1,4,madsen 1.4,,,#N/A,#N/A,#N/A,,4,,,
Madsen ,1,madsen -1,5,madsen 1.5,,,#N/A,#N/A,#N/A,,5,,,
Madsen ,1,madsen -1,6,madsen 1.6,,,#N/A,#N/A,#N/A,,6,,,
Madsen ,1,madsen -1,7,madsen 1.7,,,#N/A,#N/A,#N/A,,7,,,
Madsen ,1,madsen -1,8,madsen 1.8,,,#N/A,#N/A,#N/A,,8,,,
Madsen ,1,madsen -1,9,madsen 1.9,,,#N/A,#N/A,#N/A,,9,,,
Madsen ,1,madsen -1,10,madsen 1.10,,,#N/A,#N/A,#N/A,,10,,,
Madsen ,1,madsen -1,11,madsen 1.11,,,#N/A,#N/A,#N/A,,11,,,
Madsen ,1,madsen -1,12,madsen 1.12,,,#N/A,#N/A,#N/A,,12,,,
Madsen ,1,madsen -1,13,madsen 1.13,,,#N/A,#N/A,#N/A,,13,,,
Madsen ,1,madsen -1,14,madsen 1.14,,,#N/A,#N/A,#N/A,,14,,,
Madsen ,1,madsen -1,15,madsen 1.15,,,#N/A,#N/A,#N/A,,15,,,
Madsen ,1,madsen -1,16,madsen 1.16,,,#N/A,#N/A,#N/A,,16,,,
Madsen ,1,madsen -1,17,madsen 1.17,,,#N/A,#N/A,#N/A,,17,,,
Madsen ,1,madsen -1,18,madsen 1.18,,,#N/A,#N/A,#N/A,,18,,,
Madsen ,1,madsen -1,19,madsen 1.19,,,#N/A,#N/A,#N/A,,19,,,
Madsen ,1,madsen -1,20,madsen 1.20,,,#N/A,#N/A,#N/A,,20,,,
Madsen ,1,madsen -1,21,madsen 1.21,,,#N/A,#N/A,#N/A,,21,,,
Madsen ,1,madsen -1,22,madsen 1.22,,,#N/A,#N/A,#N/A,,22,,,
Madsen ,1,madsen -1,23,madsen 1.23,,,#N/A,#N/A,#N/A,,23,,,
Madsen ,1,madsen -1,24,madsen 1.24,,,#N/A,#N/A,#N/A,,24,,,
Madsen ,3,madsen -3,1,madsen 3.1,,,#N/A,#N/A,#N/A,,1,,,
Madsen ,3,madsen -3,2,madsen 3.2,,,#N/A,#N/A,#N/A,,2,,,
Madsen ,3,madsen -3,3,madsen 3.3,,,#N/A,#N/A,#N/A,,3,,,
Madsen ,3,madsen -3,4,madsen 3.4,,,#N/A,#N/A,#N/A,,4,,,
Madsen ,3,madsen -3,5,madsen 3.5,,,#N/A,#N/A,#N/A,,5,,,
Madsen ,3,madsen -3,6,madsen 3.6,,,#N/A,#N/A,#N/A,,6,,,
Madsen ,3,madsen -3,7,madsen 3.7,,,#N/A,#N/A,#N/A,,7,,,
Madsen ,3,madsen -3,8,madsen 3.8,,,#N/A,#N/A,#N/A,,8,,,
Madsen ,3,madsen -3,9,madsen 3.9,,,#N/A,#N/A,#N/A,,9,,,
Madsen ,3,madsen -3,10,madsen 3.10,,,#N/A,#N/A,#N/A,,10,,,
Madsen ,3,madsen -3,11,madsen 3.11,,,#N/A,#N/A,#N/A,,11,,,
Madsen ,3,madsen -3,12,madsen 3.12,,,#N/A,#N/A,#N/A,,12,,,
Madsen ,3,madsen -3,13,madsen 3.13,,,#N/A,#N/A,#N/A,,13,,,
Madsen ,3,madsen -3,14,madsen 3.14,,,#N/A,#N/A,#N/A,,14,,,
Madsen ,3,madsen -3,15,madsen 3.15,,,#N/A,#N/A,#N/A,,15,,,
Madsen ,3,madsen -3,16,madsen 3.16,,,#N/A,#N/A,#N/A,,16,,,
Madsen ,3,madsen -3,17,madsen 3.17,,,#N/A,#N/A,#N/A,,17,,,
Madsen ,3,madsen -3,18,madsen 3.18,,,#N/A,#N/A,#N/A,,18,,,
Madsen ,3,madsen -3,19,madsen 3.19,,,#N/A,#N/A,#N/A,,19,,,
Madsen ,3,madsen -3,20,madsen 3.20,,,#N/A,#N/A,#N/A,,20,,,
Madsen ,3,madsen -3,21,madsen 3.21,,,#N/A,#N/A,#N/A,,21,,,
Madsen ,3,madsen -3,22,madsen 3.22,,,#N/A,#N/A,#N/A,,22,,,
Madsen ,3,madsen -3,23,madsen 3.23,,,#N/A,#N/A,#N/A,,23,,,
Madsen ,3,madsen -3,24,madsen 3.24,,,#N/A,#N/A,#N/A,,24,,,
Shostakovich,3,shostakovich-3,1,shostakovich3.1,C,Major,0,M0,shostako3.0maj,,Fugue 1,,0.5,
Shostakovich,3,shostakovich-3,2,shostakovich3.2,A,minor,9,m9,shostako3.9min,,Fugue 2,,,
Shostakovich,3,shostakovich-3,3,shostakovich3.3,G,Major,7,M7,shostako3.7maj,,Fugue 3,,,
Shostakovich,3,shostakovich-3,4,shostakovich3.4,E,minor,4,m4,shostako3.4min,,Fugue 4,,,
Shostakovich,3,shostakovich-3,5,shostakovich3.5,D,Major,2,M2,shostako3.2maj,,Fugue 5,,,
Shostakovich,3,shostakovich-3,6,shostakovich3.6,B,minor,11,m11,shostako3.11min,,Fugue 6,,,
Shostakovich,3,shostakovich-3,7,shostakovich3.7,A,Major,9,M9,shostako3.9maj,,Fugue 7,,,
Shostakovich,3,shostakovich-3,8,shostakovich3.8,F#,minor,6,m6,shostako3.6min,,Fugue 8,,0.3333333333,
Shostakovich,3,shostakovich-3,9,shostakovich3.9,E,Major,4,M4,shostako3.4maj,,Fugue 9,,,
Shostakovich,3,shostakovich-3,10,shostakovich3.10,C#,minor,1,m1,shostako3.1min,,Fugue 10,,,
Shostakovich,3,shostakovich-3,11,shostakovich3.11,B,Major,11,M11,shostako3.11maj,,Fugue 11,,,
Shostakovich,3,shostakovich-3,12,shostakovich3.12,G#,minor,8,m8,shostako3.8min,,Fugue 12,,0.4,
Shostakovich,3,shostakovich-3,13,shostakovich3.13,F#,Major,6,M6,shostako3.6maj,,Fugue 13,,0.5,
Shostakovich,3,shostakovich-3,14,shostakovich3.14,Eb,minor,3,m3,shostako3.3min,,Fugue 14,,,
Shostakovich,3,shostakovich-3,15,shostakovich3.15,Db,Major,1,M1,shostako3.1maj,,Fugue 15,,,
Shostakovich,3,shostakovich-3,16,shostakovich3.16,Bb,minor,10,m10,shostako3.10min,,Fugue 16,,,
Shostakovich,3,shostakovich-3,17,shostakovich3.17,Ab,Major,8,M8,shostako3.8maj,,Fugue 17,,,
Shostakovich,3,shostakovich-3,18,shostakovich3.18,F,minor,5,m5,shostako3.5min,,Fugue 18,,,
Shostakovich,3,shostakovich-3,19,shostakovich3.19,Eb,Major,3,M3,shostako3.3maj,,Fugue 19,,,
Shostakovich,3,shostakovich-3,20,shostakovich3.20,C,minor,0,m0,shostako3.0min,,Fugue 20,,,
Shostakovich,3,shostakovich-3,21,shostakovich3.21,Bb,Major,10,M10,shostako3.10maj,,Fugue 21,,,
Shostakovich,3,shostakovich-3,22,shostakovich3.22,G,minor,7,m7,shostako3.7min,,Fugue 22,,,
Shostakovich,3,shostakovich-3,23,shostakovich3.23,F,Major,5,M5,shostako3.5maj,,Fugue 23,,,
Shostakovich,3,shostakovich-3,24,shostakovich3.24,Db,minor,1,m1,shostako3.1min,,Fugue 24,,0.3333333333,
,,,,.,,,#N/A,,#N/A,,,,,
,,,,.,,,#N/A,,#N/A,,,,,
,,,,.,,,#N/A,,#N/A,,,,,
,,,,.,,,#N/A,,#N/A,,,,,
,,,,.,,,#N/A,,#N/A,,,,,
,,,,.,,,#N/A,,#N/A,,,,,
,,,,.,,,#N/A,,#N/A,,,,,
,,,,.,,,#N/A,,#N/A,,,,,